country,1961,1962,1963,1964,1965,1966,1967,1968,1969,1970,1971,1972,1973,1974,1975,1976,1977,1978,1979,1980,1981,1982,1983,1984,1985,1986,1987,1988,1989,1990,1991,1992,1993,1994,1995,1996,1997,1998,1999,2000,2001,2002,2003,2004,2005,2006,2007,2008,2009,2010,2011,2012,2013,2014,2015,2016,2017,2018,2019,2020
Aruba,,,,,,,,,,,,,,,,,,,,,,,,,,,3.6,3.09,3.97,5.82,5.61,3.79,5.3,6.3,3.37,3.28,3.71,6.57,2.2,1.05,5.63,4.53,2.1,2.17,3.33,2.95,5.95,5.07,1.73,−0.677,3.11,0.789,3.29,2,0.44,−1.37,1.61,,,
Afghanistan,,,,,,,,,,,,,,,,,,,,,,,,,,,,,,,,,,,,,,,,,,,11.7,11.3,10.9,7.2,22.5,2.1,−2.16,3.81,16.6,7.3,4.82,0.567,2.45,−2.2,2.4,2.07,6.52,7.82
Angola,,,,,,,,,,,,,,,,,,,,,−2.1,0,0.0128,0.00119,19,−9.01,9.82,2.21,16.3,14,106,477,918,2180,1830,4800,95.5,39.4,558,418,106,197,93.9,33.4,42.4,17.1,4.31,19.4,−16.8,32.3,31.8,7.26,2.84,3.56,−3.52,21.8,22.6,29.1,28.1,9.39
Albania,,,,,,,,,,,,,,,,,,,,,−2.14,−0.0177,−0.0168,−0.0284,0.351,−2.42,−0.00031,−0.00058,0.00368,−0.431,35.5,233,126,35.8,9.97,38.2,11.2,6.73,2.1,5.65,3.81,3.65,5.2,3.15,3.31,2.48,4.39,4.12,2.42,4.49,2.31,1.04,0.289,1.55,0.564,−0.633,1.45,1.47,1.22,−0.448
Andorra,,,,,,,,,,,7.85,8.52,11.8,15.9,16.8,16.5,23.4,20.6,16.9,13.4,12.4,13.6,11.9,10.9,8.6,10.9,5.94,5.94,6.9,7.33,6.94,6.71,4.54,3.88,4.93,0.797,2.23,1.5,2.73,28.7,3.08,3.24,3.18,3.04,3.4,3.46,3.21,2.27,0.132,0.374,0.197,0.175,0.448,−0.084,0.661,0.348,1.14,1.01,1.37,1.06
United Arab Emirates,,,,,,,,,,,,,,,,11.8,5.26,−3.66,7.05,9.52,7.05,1.31,−3.62,−6.1,0.741,−1.7,3.69,2.38,1.75,3.34,0.811,1.81,1.28,−0.262,3.91,5.77,−0.952,−4.25,8.44,11.5,−2.35,3.77,4.07,8.5,16.5,12,12.5,18.5,−15.2,12.5,13.2,2.24,−0.867,−1.02,−15.4,−3.19,5.5,8.21,−4.44,−8.36
Argentina,20.3,28.9,25.6,28.8,21.2,25.6,29,10.3,7.8,6.47,31.3,64.2,65.5,30.6,198,438,159,161,147,95.8,105,195,380,611,607,77.3,128,381,3050,2080,141,16.1,−3.56,2.85,3.17,−0.0524,−0.464,−1.71,−1.84,1.04,−1.1,30.6,10.5,18.4,10.3,13.7,14.9,23.2,15.4,20.9,23.7,22.3,23.9,40.3,26.6,41.1,26,42,50.9,39.9
Armenia,,,,,,,,,,,,,,,,,,,,,,,,,,,,,,,79.4,569,1390,4110,161,19.6,17.7,10.7,0.0538,−1.37,4.03,2.36,4.6,6.28,3.21,4.62,4.28,5.99,2.5,7.77,4.28,5.35,3.37,2.31,1.21,0.269,2.15,2.79,1.07,2.02
American Samoa,,,,,,,,,,,,,,,,,,,,,,,,,,,,,,,,,,,,,,,,,,,1.37,−3.26,−1.37,2.81,3.16,11.1,25.8,−15.4,−0.524,17.4,2.24,−0.962,1.47,1.41,−1.94,1.7,1.91,5.28
Antigua and Barbuda,,,,,,,,,,,,,,,,,,8.64,14.8,11.4,8.35,11.3,5.17,3.84,7.41,8.12,8.88,12.4,4.58,1.65,2.61,2.46,1.81,3.24,2.4,2.98,1.83,2.11,1.5,1.55,1.48,0.702,−0.865,1.54,4.46,0.408,3.73,4.38,1.84,1.47,1.02,2.04,−0.947,1.91,3.02,1.87,−0.93,2.35,0.208,1.74
Australia,3.22,−0.0759,1.79,3.29,2.98,2.68,4.87,2.25,4.75,5.13,5.19,6.19,8.98,16.4,16.5,14,11.4,8.24,8.63,10,9.53,11.7,10.2,7.86,4.63,6.46,7.06,7.2,9.25,6.1,3.04,1.5,0.891,1.02,2.27,2.73,1.27,1.19,0.488,2.56,4.62,2.84,3.01,3.24,3.81,5.12,4.98,4.61,4.99,1.17,6.21,1.79,−0.153,1.44,−0.617,−0.598,3.75,1.83,3.42,1.78
Austria,5.09,3.34,3.68,3.18,5.32,3.12,3.25,2.84,2.73,6.45,6.2,7.6,8.05,9.5,6.46,5.62,5.2,5.99,4.11,5.58,6.72,5.36,3.47,4.95,2.96,2.95,2.44,1.53,2.96,3,3.64,3.48,2.76,2.52,1.81,0.986,1.27,0.442,0.256,1.36,1.95,1.15,1.31,1.74,2.54,1.89,2.22,1.96,1.89,0.873,1.83,2.05,1.62,2.18,2.3,1.85,1.01,1.8,1.62,2.31
Azerbaijan,,,,,,,,,,,,,,,,,,,,,,,,,,,,,,,83.5,1070,747,1390,546,26.4,9.24,−0.965,2.16,12.5,2.52,4.21,6.96,9.25,14.7,11.3,21,27.8,−18.8,13.5,22.5,2.88,0.445,−1.28,−8.85,14.7,16.2,12.2,−0.241,−7.58
Burundi,20.1,−3.57,4.69,5.42,−1.03,3.15,−5.32,3.06,5.36,5.18,1.38,4.29,5.51,12.5,21.1,8.07,14.3,12.5,26.1,16.4,−6.06,5.67,6.43,17.2,5.07,−4.26,−3.42,3.49,14.8,5.99,4.09,5.4,7.74,6.64,16.1,14.5,32.4,11.5,15,38.9,13.7,1.03,11.9,13.1,18.8,2.85,8.27,24.2,10.5,8.56,8.36,14.3,7.96,5.3,21.3,0.96,11.4,−2.85,0.822,11.9
Belgium,1.32,1.67,3.03,4.64,5.1,4.09,3.19,2.62,4.02,6.68,5.36,6.32,6.81,12.2,12.9,7.58,7.48,4.42,4.51,4.13,5.14,7.57,5.61,5.44,4.63,2.8,1.68,2.17,4.8,2.81,2.88,3.42,3.99,2.09,1.22,0.477,0.758,1.81,0.599,2.01,1.98,1.64,1.85,1.91,2.08,2.26,1.93,1.91,0.533,1.89,1.81,1.96,1.27,0.983,1.33,1.92,1.83,1.52,1.75,1.28
Benin,1.04,3.78,2.55,−0.364,2.06,1.14,0.141,3.27,3.45,5.05,1.57,5.32,4.82,14.9,14.2,14,5.18,12.3,13,10.2,7.47,16.1,4.75,1.95,−4.88,−3.6,3.03,−0.611,2.22,2.18,0.757,3.03,2.38,35,15.1,6.91,3.67,5.23,48.3,4.34,1.97,3.55,3.06,0.77,4.29,2.09,0.39,6.43,2.54,0.881,3.73,7.7,1.4,−0.248,0.852,0.684,−0.368,0.67,−0.398,2.88
Burkina Faso,1.9,2.01,5.15,1.81,−0.656,2.3,−4.41,−0.264,6.91,1.78,3.38,7.3,2.68,11,8.18,6.73,18.7,14.5,7.75,8.69,13.6,9.05,5.41,6.5,0.757,−6.35,1.24,3.41,4.83,1.81,−3.97,0.227,−1.44,14.6,6.77,0.349,1.56,7.94,17.4,−0.82,3.96,3.06,1.48,0.0906,3.74,−0.663,2.49,9.16,2.41,3.78,6.74,5.82,−2.13,−0.62,−2.22,2.6,1.42,1.07,1.62,6.84
Bangladesh,6.26,0.0222,5.16,−8.74,7.93,6.3,14.8,−5.77,11.8,0.51,2.96,4.4,61.4,44.5,80.6,−17.6,−3.21,25.6,12.6,17.6,9.89,9.86,8.49,7.88,18.5,8.25,11.1,7.5,8.34,6.53,2.73,2.58,0.156,3.97,7.14,19.1,3.8,4.74,3.78,3.45,3.26,3.89,5.82,4.56,4.59,5.88,6.47,7.86,6.76,7.14,7.86,8.16,7.17,5.67,5.87,6.73,6.28,5.6,4.46,4.09
Bulgaria,,,,,,,,,,,,,,,,,,,,,2.82,1.92,−0.645,2.74,0.229,1.35,0.0638,−5.39,6.73,26.2,227,59.6,51.1,72.7,136,63,913,34,3.32,7.38,6.12,3.85,2.19,5.58,6.59,6.76,11,8.1,3.94,0.764,6.11,1.11,0.072,1.34,2.95,3.32,4.81,4.23,5.24,4.2
Bahrain,,,,,,,,,,,,,,,,,,,,,18.9,13.7,−3.69,−0.418,−1.82,−17.4,0.659,2.01,3.97,4.83,−1.88,−3.53,−3.03,7.33,1.09,0.197,0.932,−7.06,2.66,30,−3.36,3.41,8.6,11,13.7,8.84,8.44,11.4,−13,7.44,9.74,3.01,0.384,−1.67,−9.26,0.247,5.52,4.33,0.108,−5.34
Bahamas,1.16,1.09,1.34,1.51,2.01,3.77,4.71,5.16,8.93,6.15,4.58,6.79,5.55,13.2,10.7,2.39,1.73,2.25,8.55,10,17.7,3.7,5.98,3.17,8.46,4.66,6.59,1.48,1.81,5.07,2.56,3.91,−0.852,2.18,0.802,0.984,64.2,13,0.224,0.922,0.354,3.96,1.15,1.19,5.06,0.828,2.95,1.49,−1.04,−0.392,−0.859,3.27,1.53,3.8,5.04,0.766,1.41,1.07,1.83,−12
Bosnia and Herzegovina,,,,,,,,,,,,,,,,,,,,,,,,,,,,,,,,,,,8.85,−17.1,13,−1.58,8.36,21.8,4.73,5.01,1.41,2.16,6.19,7.8,6.2,7.34,0.185,1.41,2.43,0.796,−0.224,1,1.37,1.41,1.7,2.75,2.63,0.213
Belarus,,,,,,,,,,,,,,,,,,,,,,,,,,,,,,,110,1030,1060,1950,662,53.7,71.6,76.6,317,185,79.5,44.9,30.7,22.7,19,10.7,12.9,21.2,9.26,11.3,71,75.3,21.3,18.1,16,8.34,8.62,12.1,8.63,10.1
Belize,1.76,1.36,0.938,2.14,5.61,5.77,3.12,1.68,0.216,7.37,5.06,−1.24,14.7,21.7,16.9,1.16,2.24,7.35,3.59,14.9,−2.04,−6.98,7.74,9.44,−1.81,4.2,9.58,3.73,2.05,0.173,−3.18,4.06,1.65,3.6,6.05,1.97,−1.48,1.48,−2.26,0.476,−0.306,1.73,−2.77,2.01,2.87,4.74,4.5,2.69,−2.73,1.5,4.08,1.79,2.39,1.47,0.607,3.96,2.02,0.176,1.68,−4.02
Bermuda,0.939,0.977,1.27,0.461,1.46,2.61,3.48,8.98,6.28,6.27,9.55,9.53,12.8,15,6.36,2.78,9.27,4.92,6.42,9.85,17.7,12.2,11,10.3,7.61,5.84,6.49,4.89,5.64,6.03,6.43,2.81,5.2,1.96,4.18,29.4,4.02,2.74,2.71,−4.24,−1.37,8.58,2.82,4.69,6.76,19.6,6.57,5.11,1.04,2.24,−1.15,6.7,1.66,3.01,2.95,4.37,−0.0948,1.59,3.12,−2.38
Bolivia,6.55,3.56,0.824,8.39,5.89,3.32,6.23,4.59,3.72,3.96,2.54,19,42.9,61.5,6.7,8.6,12.5,14.1,19.8,24.8,29.4,159,266,1440,12.3k,230,14,18.2,13.2,16.3,17.7,13.2,6.56,7.95,11.4,11.6,5.71,7.05,2.41,5.2,1.87,2.82,6.33,7.97,5.94,13.7,7.37,10.4,−2.42,8.78,14.6,7.1,6,2.05,−4.62,−1.35,6.06,3.06,−0.693,−1.91
Brazil,34.6,50.2,78.4,89.5,58.9,37.9,26.5,26.7,20.1,16.3,19.4,19.9,29.6,34.6,33.9,41.2,45.4,38.2,54.4,92.1,101,101,131,202,249,149,206,628,1300,2740,417,969,2000,2240,94,18.5,7.73,4.92,8.01,5.61,8.23,9.8,14.1,7.75,7.43,6.77,6.44,8.78,7.31,8.42,8.32,7.94,7.5,7.85,7.57,8.1,3.67,4.49,4.28,4.81
Barbados,,,,,,,,,,,,,,,29.4,3.02,9.75,6.72,12.4,44.7,12.2,9.85,5.66,5.18,3.51,4.47,7.34,2.76,6.82,3.73,4.5,2.12,5.2,2.21,1.02,2.54,0.917,8.7,4.43,−1.32,2.26,0.908,1.12,5.83,6.67,4.27,8.44,1.66,−1.68,3.82,3.51,−0.567,2.9,0.542,−2.01,−0.0387,2.58,2.78,2.51,4.68
Brunei,,,,,,,,,,,,,,,5.52,5.63,8.38,−2.17,12.7,86.1,9.02,−4.84,−11.4,−1.27,−2.46,−31.9,10.7,−7.67,8.7,8.41,−2.84,1.73,−2.95,−8.76,2.87,4.49,8.58,−11.6,11.6,29,−5.59,0.374,6.1,15.9,18.8,10,1.12,12.7,−22.1,16.7,20.2,1.22,−2.82,−1.85,−17.6,−9.17,4.95,9.22,−3.34,−10.9
Bhutan,,,,,,,,,,,,,,,,,,,,,3.46,7.29,7.16,10.2,6.51,7.19,1.1,15,5.61,6.21,8.94,8.92,8.51,12.3,8.28,8.11,12.9,10.7,6.17,7.35,5.36,4.76,3.07,3.7,5.9,5.42,2.95,5.51,4.76,5.85,8.51,9.18,5.87,6.92,3.56,4.38,5.1,1.76,0.899,6.85
Botswana,1.93,1.36,1.18,2.55,3.85,5.79,7.58,2.17,1.58,5.98,4.66,10.8,9.91,12.8,16.5,11.3,4.94,12.5,21.9,10.2,−0.0883,3.7,8.75,15.4,22.9,14.1,12.7,22.7,13.6,6.3,5.18,6.64,13.1,9.46,7.16,16.1,4.99,9.97,14.2,14.2,8.31,1.19,3.26,10.1,15.5,7.47,4.93,4.73,6.46,8.92,14,0.194,2.31,7.8,3.82,11.7,−2.65,−0.332,0.446,5.65
Central African Republic,4.64,4.89,4.67,7.54,5.04,4.48,−0.774,16.2,−3.85,4.49,4.94,4.64,2.2,5.38,19.3,26,11.4,9.23,10.9,18.3,13.9,20.9,11.1,1.42,34.1,−3.43,−2.3,2.62,2.46,1.84,−0.39,2.78,−3.43,24.4,9.9,−3.54,0.823,−0.414,4.08,8.51,0.426,−2.37,1.34,−4.44,4.19,3.33,1.84,7.08,0.712,4.21,4.01,6.18,2.49,11.9,2.71,2.98,6.44,−1.22,2.38,4.44
Canada,2.44,1.31,2.14,2.83,3.79,4.95,4.41,4.06,4.83,,,,,,,,,,,,,,,,,,,,,,,,,,,,,0.888,3.07,4.59,2.04,0.843,1.26,2.44,1.36,1.07,−1.36,3.98,−2.31,2.85,3.23,1.21,1.74,1.94,−0.877,0.754,2.56,1.62,1.48,0.75
Channel Islands,,,,,,,,,,,,,,,,,,,,,,,,,,,,,,,,,,,,,,,3.91,3.89,3.3,4.38,4.35,3.8,2.5,3.28,3.34,,,,,,,,,,,,,
Switzerland,,,,,,,,,,,,,,,,,,,,,5.66,7.35,2.37,3.76,2.27,3.03,2.19,2.79,3.46,4.6,5.41,2.12,2.32,1.18,0.738,0.281,−0.479,−0.197,0.0398,1.36,0.975,−0.259,1.18,0.307,0.934,2.16,2.38,1.47,0.418,0.335,−0.0329,−0.00377,−0.0233,−0.59,−1.2,−0.597,−0.375,0.748,−0.106,−0.503
Chile,6.57,12.9,43.8,47.9,38.8,28.6,25.1,33.5,40.2,40.6,17.7,87.6,415,679,347,247,102,56.3,48,29.1,11.6,7.66,31,15.7,41.7,21.5,25.8,21.7,13.8,22.5,21.4,13.5,12.2,14.5,11.7,3.37,3.06,1.04,2.28,4.27,3.86,3.39,4.58,7.85,7.64,12.2,5.34,−0.0534,4.65,8.96,3.11,1.13,1.98,5.91,4.95,4.47,4.78,2.36,1.95,8.36
China,15.3,−0.115,−2.62,−0.362,0.87,−1.56,0.814,1.36,−3.79,−2.61,0.666,0.0742,0.208,0.278,−1.13,−0.106,1.09,1.68,3.6,3.75,2.36,−0.14,1.16,4.94,10.2,4.67,5.08,12.1,8.6,5.71,6.71,8.19,15.2,20.6,13.7,6.51,1.62,−0.9,−1.26,2.06,2.05,0.602,2.6,6.95,3.9,3.93,7.75,7.8,−0.21,6.88,8.08,2.33,2.16,1.03,−0.00294,1.41,4.23,3.5,1.29,0.625
Cote d'Ivoire,2.99,3,3.01,2.91,3.08,0.0416,1.23,5.79,1.85,2.99,−0.941,2.51,13.2,26.7,4.31,18.2,28.8,4.43,6.54,24.1,2.98,8.3,9.05,17.9,0.344,−2.02,−4.08,−0.381,−1.01,−4.52,0.663,−0.0238,6.15,46.4,11,56.3,3.92,5.39,−0.776,1.6,6.88,4.58,3.28,−2.5,1.22,1.36,3.09,5.37,1.21,1.52,5.71,−0.404,2.88,4.41,4.78,−2.09,−1.84,0.635,0.2,0.975
Cameroon,5.06,3.11,−0.264,4.42,2.75,0.188,23.6,5.75,5.3,7.88,3.44,7.98,6.53,10.7,5.99,19.7,5.88,3.41,12.9,14.2,8.8,12.5,12.8,13.6,11.2,0.179,−2.39,0.814,−1.82,1.64,3.57,−1.28,55.8,5.88,6.63,0.411,6.16,1.07,2.19,1.53,2.47,2.77,1.95,0.139,1.36,2.3,0.491,4.94,3.6,0.688,2.59,1.94,3.05,2.01,0.31,0.662,1.03,1.9,1.17,0.55
"Congo, Dem. Rep.",6.1,21.2,87.8,3.55,39,4.97,58.6,59.9,17.7,−2.84,8.2,10.2,17.9,18.2,12.3,57.4,37.3,28.4,102,51.4,33.2,43.5,78.2,89.6,25.8,28.5,73.8,91.6,110,109,2340,3860,1660,26.8k,466,638,193,26.9,442,2630,73.1,31.7,13.4,6.37,29.9,13.3,20.3,20.5,32.7,20.8,13.8,5.94,2.77,0.994,−1.16,4.35,43.1,29.8,4.01,6.74
"Congo, Rep.",6.29,4.25,7.77,3.86,3.03,10,5.52,−1.04,3,3.71,8.31,7.43,7.84,8.11,8.3,8.68,14.5,−0.828,17.1,20.1,27.8,6.04,6.34,12.1,2.5,−29.2,7.63,−6.23,12.7,−1.03,−1.48,−1.57,−1.13,36.8,3.4,18,4.96,−18.2,29.4,47,−13.9,−1.74,−4.25,16.8,32.5,11.4,6.74,16.3,−21.2,29.4,11,11.4,−1.1,−6.56,−17.6,−3.44,11.3,23.8,−1.53,−14.7
Colombia,8.23,6.65,23.2,16.3,8.6,15.1,10.7,8.47,8.44,11.9,10.8,13,20.2,25.4,22.8,25.5,29.2,17.1,24,27.6,22.8,24.8,20.4,22.2,24.9,29.2,23.4,27.8,24.7,52.3,27,22.7,24.8,22.1,18.9,16.9,16.8,14.8,12.6,33.7,6.52,5.97,6.83,7.28,4.75,5.81,5.2,7.68,4.06,3.8,6.39,3.62,1.91,2.24,2.45,5.15,5.13,4.63,4.01,1.41
Comoros,,,,,,,,,,,,,,,,,,,,,14.6,6.53,15.2,6.16,7.07,7.39,3.22,1.94,5.96,2.18,8.12,−6.76,2.83,9.42,8.32,3.2,0.924,1.35,5.81,−4.46,8.63,4.17,5.11,3.39,0.316,3.11,3.54,3.11,1.03,1.65,3.09,4.24,1.72,0.842,−0.492,1.71,0.403,1.84,4,1.66
Cape Verde,,,,,,,,,,,,,,,,,,,,,9.58,17.4,10.6,8.77,3.67,17.7,6.96,5.41,3.58,2.35,4.79,−4.12,49.4,−29.2,−1.55,−0.546,−0.835,−0.336,7.61,−7.9,5.16,−0.363,4.92,−6.33,−1.79,4.64,8.75,3.55,2.17,0.505,2.68,0.553,1.43,−0.147,1.74,−0.232,0.685,1.52,0.563,−0.862
Costa Rica,0.516,3.17,−0.0658,2.25,0.634,2.05,2.28,1.99,4.57,7.32,2.44,6.41,14.8,23.2,24.5,16.6,16.9,7.91,9.15,18.8,41.1,84.2,28.9,16.7,20.5,18,10.1,18.8,15.2,18.5,64.8,19.7,10.4,15.7,21.2,15.1,14.7,11.9,11,9.39,9.72,9.79,10.6,13.4,13,13,10.5,11.4,9.7,6.63,4.59,4.73,4.59,6.21,3.96,1.96,2.86,2.19,2.18,0.204
Cuba,,,,,,,,,,,11.9,6.96,3.25,11.9,4.33,0.523,−4.19,9.32,2.93,5.4,−2.54,−2.23,1.6,2.58,−2.16,−3.91,0.61,1.23,0.625,5.26,−7.39,3.75,19,26.3,10.5,−2.67,−1.35,1.3,3.79,1.74,0.455,4.53,2.97,0.606,0.38,10.4,3.59,−0.345,0.634,1.2,4.32,2.91,2.66,3.46,3.44,4.33,4.12,1.03,3.55,16.6
Cayman Islands,,,,,,,,,,,,,,,,,,,,,,,,,,,,,,,,,,,,,,,,,,,,,,,3.07,3.05,0.61,−0.206,−0.46,1.26,1.38,0.887,0.342,1,1.99,2.59,3.53,1
Cyprus,,,,,,,,,,,,,,,,8.03,8.9,11.1,13.1,14.2,12.4,10.4,5.04,8.18,5.67,4.15,3.86,3.19,4.75,5.43,3.89,6.04,4.8,5.27,13.6,2.64,2.24,1.97,2.3,2.74,3.66,0.296,5.39,2.71,2.02,3.09,4.14,4.73,0.263,1.88,1.62,1.68,−0.946,−1.33,−0.754,−0.572,1.04,1,1.12,−1.18
Czech Republic,,,,,,,,,,,,,,,,,,,,,,,,,,,,,,,36.2,12.4,21,12.3,8.82,9.91,8.31,9.81,3.04,1.84,4.89,2.72,1.29,4.05,0.0949,0.654,3.54,2.01,2.59,−1.43,−0.0206,1.45,1.36,2.58,0.992,1.14,1.31,2.57,3.89,4.4
Germany,,,,,,,,,,,7.62,4.53,6.3,7.28,5.67,3.31,3.1,3.55,4.28,5.45,4.18,4.58,2.81,1.99,2.12,3,1.28,1.69,2.88,3.4,3.09,5.31,3.88,2.05,1.98,0.602,0.273,0.688,0.343,−0.489,1.3,1.38,1.32,1.12,0.405,0.397,1.77,0.909,1.84,0.645,1.07,1.5,1.96,1.88,1.85,1.33,1.5,1.97,2.06,1.6
Djibouti,,,,,,,,,,,,,,,,,,,,,,,,,,,,,,,,,,,,,,,,,,,,,,,,,,,,,,1.26,1.89,0.447,0.264,1.01,2.39,1.29
Dominica,,,,,,,,,,,,,,,,,,12.7,18,16.7,1.76,4.71,7.46,6.18,7.93,5.64,5.69,4.5,8.41,3.21,7.65,4.39,2.68,7.64,0.784,3.26,1.44,2.54,2.54,−1.78,2.08,0.791,−3.12,3.79,−1.45,2.37,1.53,1.51,8,0.297,1.69,−1.96,3.57,−0.0486,6.82,3.91,−3.2,3.63,3.25,−1.13
Denmark,,,,,,,4.45,5.63,7.16,9.03,7.45,9.6,10.6,13.3,13.4,9.38,8.88,8.95,7.07,8.81,10.7,10.1,7.39,5.96,4.29,2.32,4.75,3.94,4.97,2.6,2.66,1.66,0.58,1.57,1.28,2.01,2.01,1.23,1.68,3.02,2.52,2.35,1.48,2.1,2.91,2.08,2.43,4.13,0.529,3.22,0.639,2.38,0.888,1.03,0.433,0.255,1.18,0.748,0.742,2.61
Dominican Republic,−0.418,7.64,7.19,2.11,−1.06,−2.36,1.79,4.03,2.83,2.11,1.18,8.03,4.51,17.7,16.9,2.87,10.6,1.05,11.1,13.9,7.24,7.51,6.6,24.2,38.4,9.39,14.4,43.5,23.6,50.5,103,5.57,4.98,10.1,9.65,3.67,9.45,6.5,3.83,7.21,6.04,6.92,33.5,45.2,5.78,6.64,7.64,10.4,3.5,5.44,8.06,5.1,4.69,4.32,2.47,1.99,4.18,4.12,2.53,4.72
Algeria,3.47,2.35,0.549,1.7,1.5,1.82,1.31,3.14,1.92,4.94,17.2,−4.61,9.63,48.9,5.91,10.8,11.9,10.1,14,25.9,14.4,1.94,6.8,8.43,4.97,2.41,8.84,9.06,16,30.3,53.8,21.9,13.6,29.1,28.6,24,7,−3.13,10.9,22.7,−0.473,1.32,8.33,12.2,16.1,10.5,6.4,15.3,−11.2,16.1,18.2,7.46,−0.0933,−0.301,−6.46,1.55,6.39,6.86,−0.468,−5.51
Ecuador,−11.3,−9.99,17.7,14.5,2.99,2.12,0.473,−0.775,15.1,−13.9,−9.48,10.1,7.2,52.5,5.58,9.49,19.4,2.29,14.6,21.6,15.5,−9.18,−13.6,−3.92,−2.44,−13.7,−8.7,−11.6,5.37,5.81,6.89,4.3,2.64,15,5.22,1.49,7.01,−3.78,−26.3,−7.71,28.4,12.1,10.6,4.26,7.73,8,6.65,13.8,0.656,7.47,5.66,4.99,3.1,3.03,−2.49,1.9,1.95,1.82,0.495,−0.924
Egypt,1.61,0.396,0.915,0.862,5.46,2.75,2.83,1.8,0.806,12.5,1.33,3.4,7.35,9.42,9.66,11.5,12.3,9.55,23.5,12.4,−2.2,24.7,12.7,8.25,11.6,12.9,12.5,13.4,19.1,17.7,16.1,18.4,8.43,8.45,11.4,7.11,9.88,2.38,0.919,3.94,1.87,3.17,6.78,11.7,6.21,7.36,12.6,12.2,11.2,10.1,11.7,19.5,8.71,11.2,9.93,6.25,22.9,21.4,13.6,6.22
Eritrea,,,,,,,,,,,,,,,,,,,,,,,,,,,,,,,,,−1.38,10.4,9.81,9.07,3.9,9.11,2.32,25,15.1,16.1,21.9,24.8,7.62,11.4,7.29,16.1,29.5,−16.2,19.5,,,,,,,,,
Spain,2.47,6.1,7.85,6.25,9.16,8.17,8.54,5.91,5.13,9.07,7.85,8.52,11.8,15.9,16.8,16.5,23.4,20.6,16.9,13.4,12.4,13.6,11.9,10.9,8.6,10.9,5.94,5.94,6.9,7.33,6.94,6.71,4.54,3.88,4.93,3.46,2.36,2.57,2.54,3.33,4.11,4.08,3.93,3.88,4.1,3.98,3.42,2.25,0.144,0.153,−0.0198,−0.115,0.398,−0.223,0.546,0.323,1.3,1.25,1.3,1.1
Estonia,,,,,,,,,,,,,,,,,,,,,,,,,,,,,,,,,,,,22.5,9.92,6.89,6.46,3.68,6.8,4.86,3.89,4.69,5.92,8.98,12.4,6.8,−0.389,1.82,5.47,4.07,4.03,2.92,1.04,2.19,3.59,4.02,3.19,−0.295
Ethiopia,,,,,,,,,,,,,,,,,,,,,,4.27,2.7,−2.73,31.8,−5.27,−6.12,3.11,5.58,3.27,19.1,15.5,13.4,2.93,12.7,0.239,0.207,−0.15,2.22,9.46,−5.76,−3.62,12.8,3.91,9.88,11.6,17.2,30.3,24.1,1.44,20.1,33.5,4.9,11,10.8,10.4,6.68,12.4,12.9,18.2
Finland,5.34,3.97,5.15,7.18,5.02,4.72,7.36,12.1,4.15,7.6,7.36,8.24,13.8,22.1,13.6,13.1,9.42,7.45,8.3,9.64,11.6,9.05,8.19,8.44,5.22,4.75,4.28,7.68,6.53,5.2,1.51,0.888,1.77,1.85,4.2,−0.0783,2.08,3.1,0.927,1.64,3.3,0.944,0.19,0.603,0.929,0.921,2.75,3.04,1.77,0.323,2.62,2.97,2.56,1.63,1.62,0.0874,0.819,2,1.5,1.24
Fiji,0.609,1.4,−0.969,3.14,7.95,2.48,−3.6,3.29,6.49,6.83,3.36,14.7,16,29.6,24.3,7.91,−0.032,4.43,8.14,17.3,0.959,12.1,6.82,3.01,8.22,3.05,7.34,7.33,2.85,6.68,5.99,6.31,7.24,0.828,1.13,2.87,3.29,7.45,6.73,−4.72,3.25,3.27,7.7,2.19,6.65,3.75,3.02,2.16,1.39,4.23,9.39,3.58,3.62,12.5,2.53,2.63,1.7,1.43,2.38,−1.75
France,3.27,4.9,5.53,3.99,3,2.97,3.04,4.4,7.4,5.42,5.9,6.8,7.86,11.8,13.8,10.7,8.78,9.28,10.3,11.7,11.7,12.1,9.65,7.07,5.45,5.06,2.46,3.19,3.29,2.66,2.55,1.97,1.62,0.925,1.12,1.36,0.878,0.95,0.204,1.55,2.01,2.07,1.86,1.62,1.94,2.16,2.56,2.37,0.0666,1.07,0.948,1.16,0.778,0.577,1.14,0.523,0.522,0.992,1.28,2.52
"Micronesia, Fed. Sts.",,,,,,,,,,,,,,,,,,,,,,,,,,,2.77,4.2,4.73,4.95,5.1,3.03,3.01,2.62,2.25,1.87,0.651,2.99,−0.785,1.08,1.11,0.0942,−0.364,0.993,2.1,1.38,3.17,5,5.36,3.6,1.6,7.12,0.637,3.02,−5.25,4.05,7.47,9.39,0.345,2.3
Gabon,3.28,1.38,−20.3,33.5,−3.06,4.13,6.22,6.46,4.96,−0.42,6.5,−7.28,34.8,65.4,4.37,14.7,9.8,2.86,19,36.8,10.4,16.9,2.92,12,−1.28,−20.8,0.993,2.62,7.73,15.4,−11.4,0.214,−0.509,46.6,1.34,13.6,0.947,−17.8,19.2,28.1,−0.169,0.856,−0.217,7.77,20.1,9.87,4.23,20.5,−18.1,16.6,12.7,−2.94,−6.16,−0.851,−8.93,−4.27,3.82,7.18,1.55,−9.16
Isle of Man,,,,,,,,,,,,,,,,,,,,,,,,,5.32,2.17,5.37,4.44,7.48,9.05,6.89,3.74,2.16,2.54,2.92,2.57,2.64,2.39,2.29,3.3,3.94,2.48,3.17,5.45,2.9,3.56,11.6,37.7,6.97,5.21,4.85,−3.68,1.54,−0.522,−0.627,2.24,2.16,1.3,1.8,
United Kingdom,3.39,3.37,1.59,3.34,5.59,4.98,2.77,3.96,6.04,5.54,7.99,7.19,8.41,15.1,25.8,15.1,13.7,11.5,14.1,19.7,11.6,7.42,5.12,5.03,5.51,4.34,5.44,6.13,7.94,7.89,6.42,3.32,2.73,1.39,11.7,4.26,−0.349,1.6,1.34,1.69,1.85,2.06,2.74,2.57,3.14,2.85,2.8,3.23,1.72,1.38,2.07,1.61,2.24,1.59,0.511,1.9,1.82,2,2.02,5.35
Georgia,,,,,,0.146,0.84,−0.0114,3.56,−0.257,2.72,−1.14,0.0701,1.8,0.887,0.295,1.44,0.325,2.74,0.986,3.4,3.62,−2.65,0.601,−4.71,6.57,2.34,−2.59,6.28,22.2,62.2,1310,15.4k,6040,163,43,6.54,6.94,9.73,4.68,5.38,5.92,3.42,8.43,7.94,8.45,9.46,9.6,−2.14,14.2,8.71,0.464,1.35,4.23,5.83,2.62,8.49,4.36,5.19,7.28
Ghana,3.47,1.94,6.75,9.93,17,8.15,−3.88,12.6,11,2.89,5.18,15.5,20.9,24.6,29.5,28,67.3,73.3,37.9,51.1,75.6,27.9,123,35.3,20.6,41.7,39.2,33.4,28.3,31.2,20,11.2,31.8,30.1,43,39.8,19.5,17,14,27.2,34.8,22.8,28.7,14.4,15,80.8,18.6,19.4,15.7,16.6,13.9,15.2,54,23.9,13.3,15.7,10.7,10.6,8.48,7.11
Guinea,,,,,,,,,,,,,,,,,,,,,,,,,,,27.3,21.7,22.3,17.3,25.8,26.2,0.674,1.43,5.95,1.55,1.43,3.32,4.23,6.3,1.75,0.433,15.9,16.5,27.4,101,13.6,16.7,1.77,16.1,9,11.5,4.33,2.62,2.97,5.67,10.4,7.06,9.95,13
Gambia,,,,,,,8.55,−8.69,7.13,9.07,5.16,3.16,−1.05,20.9,13,11.7,22.6,6.46,10.6,−0.178,1.56,14.5,2.68,9,39.4,40.5,18.5,9.71,13.7,12,134,1.95,5.14,3.78,3.96,8.37,−5.97,5.41,−2.44,2.22,1.81,10.4,12.9,94.2,4.11,1.3,4.41,2.48,4.51,5.64,4.57,3.85,5.93,5.21,9.72,7.82,3.92,6.95,6.26,6.26
Guinea-Bissau,,,,,,,,,,,1.81,4.97,10.4,8.92,7.2,1.51,3.07,6.34,4.28,11.5,1.82,16.5,23.3,59.4,32.3,113,94.3,79.5,99.3,30.2,67.9,65,49.1,23.2,44.7,39.2,34.1,8.07,12.3,80.9,6.77,1.8,−5.01,−1.39,5.8,−2.27,4.38,12.5,−2.46,2.97,14,−0.851,−0.932,−0.148,12.1,6.1,5.94,5.25,−3.42,0.103
Equatorial Guinea,,,,,,,,,,,,,,,,,,,,,14.4,40.4,24.7,25.6,52.8,−2.92,1.52,3.98,−4.8,10.4,3.55,−15.4,−2.69,24.5,7.68,0.821,−13.1,−31.6,39.2,64.7,−12,−1.58,0.636,16.9,59.3,13,3.04,19.8,−20.8,24.9,17,4.85,−1.07,−1.27,−20.2,−6.29,12.7,9.51,−2.2,−9.33
Greece,1.1,4.69,1.11,3.41,4.08,4.92,2.17,1.48,3.18,4.15,2.98,5.05,20.9,22.8,13.1,16.4,13.8,13.8,20.2,19.2,21.6,27.2,20.6,21.9,19,18.9,15.3,16.7,14.5,20.7,19.8,14.8,14.4,11.2,9.79,7.64,6.55,5.1,3.62,1.59,3.47,3.35,3.45,3.06,2.24,3.5,3.42,4.34,2.57,−0.177,0.959,−0.275,−2.05,−1.94,−0.294,−0.579,0.285,−0.165,0.248,−0.838
Grenada,,,,,,,,,,,,,,,,,,17.3,9.62,9.05,2.71,4.16,1.39,6.61,8.75,4.34,5.06,6.76,9,0.0159,6.67,4.01,1.88,3.19,3.05,2.67,1.78,1.74,1.12,2.86,2.14,0.372,−0.0771,2.03,2.49,4.63,2.32,7.85,−0.0099,0.48,0.225,3.93,2.92,0.773,2.76,2.64,1.53,−0.644,3.2,−0.417
Greenland,,,,,,,,,,,11.4,5.7,7.66,15.6,16.4,13.2,6.98,9.28,7.5,11.6,14.9,13,9.72,8.87,7.42,4.13,4.62,6.35,5.35,5.09,3.23,1.55,1.04,0.468,2.06,0.98,0.497,0.978,1.06,2.11,3.4,3.1,6.53,−0.538,−3.23,2.24,−0.0475,−2.01,5.54,2.03,2.88,3.45,1.07,0.99,8.14,3.54,3.27,0.118,1.89,
Guatemala,−1.08,2.59,0.805,−1.68,−1.8,−1,0.388,1.87,1.7,5,−1.27,−1.36,14.5,15.7,13.1,11.5,16.5,5.5,8.59,10,8.55,4.98,6.56,4.12,18.8,41.5,8,11.7,10.9,40.5,33,8.86,14.5,11.7,8.67,8.9,8.26,9.5,5.04,6.83,−5.61,6.47,4.47,6.02,5.67,4.98,7.12,9.41,3.6,5.14,6.89,3.38,3.36,2.86,2.23,2.71,1.75,1.19,3.68,2.65
Guam,,,,,,,,,,,,,,,,,,,,,,,,,,,,,,,,,,,,,,,,,,,4.24,1.8,5.06,4.41,3.01,3.82,3.2,0.238,0.629,3.43,0.84,2.08,2.52,1.57,0.999,1.51,2.42,4.17
Guyana,4.29,3.75,2.77,−0.485,−1.79,1.92,4.86,6.95,1.42,3.04,2.14,9.89,6.27,37.5,14.7,−5.78,1.68,14.8,6.56,11.8,4.34,4.3,8.92,19.3,14.5,12.3,58.7,23.6,163,56.4,135,11.3,17,16.6,12.4,3.93,1.44,2.97,11.2,6.59,0.322,2.62,4.72,6.78,7.63,175,8.21,9.72,0.895,4.33,2.27,4.62,−0.537,−2.1,3,0.898,2.11,−2.89,2.96,−26.3
"Hong Kong, China",,1.95,3.69,4.96,2.38,0.553,6.64,3.33,5.59,8.85,7.62,9.15,14.3,11.6,4.46,9.64,3.86,8.12,17.8,15.7,10.6,9.68,4.6,9.64,5.36,3.77,8.61,8.8,12.6,7.56,9.14,9.9,8.61,6.32,4.14,5.88,5.76,1.22,−4.1,−3.39,−1.77,−3.4,−6.01,−3.59,−0.15,−0.535,3.14,1.28,−0.375,0.271,3.9,3.54,1.81,2.85,3.64,1.64,2.88,3.66,2.05,0.635
Honduras,4.19,2.92,2.13,5.68,2.08,2.61,2.62,1.45,2.61,4.45,−2.78,3.86,5.35,14.8,6.38,8.53,12.2,75.1,8.35,11.3,3.17,7.74,3.98,3.26,1.66,2.13,2.24,9.18,11.5,25,26.3,3.67,10.9,21.3,23.7,18.2,16.8,10.3,7.58,7.99,8.08,5.13,5.76,6.45,7.28,5.35,6.63,7.79,7.65,4.68,7.81,3.58,1.37,6.85,6.93,3.68,4.51,1.95,4.13,4.63
Croatia,,,,,,,,,,,,,,,,,,,,,,,,,,,,,,,,,,,,3.89,6.89,8.2,3.5,4.34,4.23,3.84,4.3,3.64,3.12,3.89,4.26,5.5,2.97,0.929,1.7,1.43,0.773,0.149,0.0797,−0.0749,1.16,2.01,1.92,−0.129
Haiti,2.22,−3.61,6.63,12.2,6.3,5.05,2.21,−3.39,2.57,−16,2.87,1.54,19.8,14.5,19.2,19,3.88,−3.14,3.13,19.3,10,3.33,9.14,11.5,9.97,15.9,−11,27.4,7.82,12,14.6,20.9,18.3,56.7,16,9.98,12.7,14.2,7.03,91.4,13.2,7.6,15,24.3,13.4,9.33,9.15,9.74,11,7.39,4.32,8.21,8.08,3.34,3.95,15.2,14,7.28,17.6,20.6
Hungary,,,,,,,,,,,,,,,,,,,,,,,,,,,,,,,,21.5,21.3,19.5,26.7,21.9,20.3,13.8,8.12,9.58,11,8.09,5.44,5.09,2.63,3.66,5.44,4.81,4.2,2.53,1.93,2.89,2.82,3.7,2.78,1.32,4.03,4.85,4.77,5.92
Indonesia,13.9,179,146,115,229,−98.7,165,123,21.4,14.3,2.72,16.1,36.9,47.3,12.5,14.5,13,12.1,31.2,29.1,10.2,7.95,18.6,10.4,6.19,2.25,16,7.63,9.49,9.09,8.77,7.29,19.2,7.78,9.88,8.68,12.6,75.3,14.2,20.4,14.3,5.9,5.49,8.55,14.3,14.1,11.3,18.1,8.27,15.3,7.47,3.75,4.97,5.44,3.98,2.44,4.29,3.82,1.6,−0.456
India,2.15,4.41,8.35,8.55,8.3,13.3,8.62,2.42,3.34,1.56,5.32,10.8,17.8,16.7,−1.65,5.98,5.64,2.46,15.7,11.5,10.8,8.1,8.55,7.92,7.19,6.79,9.33,8.23,8.44,10.7,13.8,8.97,9.86,9.98,9.06,7.58,6.48,8.01,3.07,3.64,3.22,3.72,3.87,5.73,5.62,8.4,6.94,9.19,7.04,10.5,8.73,7.93,6.19,3.33,2.28,3.24,3.97,3.74,3.57,4.61
Ireland,,,,,,,,,,,10.5,13.4,15.3,6.09,20.1,21,13.3,10.5,13.7,14.7,17.4,15.2,10.7,6.38,5.19,6.55,2.2,3.25,5.52,−0.729,1.8,2.81,5.18,1.69,3.03,2.3,3.94,6.56,4.38,6.88,6.86,5.19,3.92,0.517,3.08,3.43,1.2,−0.502,−4.62,−2.98,1.5,2.28,0.942,−0.0568,7.7,0.705,0.926,0.712,4.22,−1.21
Iran,−5.4,−2.36,−2.1,−0.0538,−1.73,−1.5,−0.317,−0.582,−2.85,1.38,9.35,9.17,32.3,57.2,15.6,16,23.5,12.3,29.4,45.9,25.6,4.15,18.1,19.8,3.78,12.8,20.6,19.3,17.3,22.5,26,29.9,46.2,33.6,38.1,30.2,16.5,9.28,33.1,25,16.6,29.2,13.1,24.7,20.2,14.6,22.9,19.4,4.6,15.9,23.7,24,35.6,10.8,0.429,1.61,12.2,32.9,36.9,39
Iraq,,,,,,,,,0.575,4.35,10.7,−3.38,8.75,88.3,3.88,12.6,9.65,2.33,31.7,13.2,−27.5,8.33,14.2,17,1.69,−6.73,9.89,10.4,8.4,73.6,111,105,114,396,295,−12.5,91.5,−15.9,71.1,24.6,−19.1,8.16,13.9,17.3,35.9,23,14.4,30.2,−19.5,16.6,24.7,2.67,−0.0116,−2.84,−30.2,−11.1,14.7,18.2,−2.48,−15.2
Iceland,13.3,11.1,8.23,16.2,12.3,10.4,2.76,13.7,20.9,,,,,,,,,,,,,,,,,,,,,,,,,,,2.48,2.75,4.71,3.5,4.02,8.7,5.87,0.492,2.68,3.07,8.62,4.33,12.1,10.8,6.37,3.1,3.44,2.12,4.14,6.05,2.26,0.937,2.65,4.59,3.21
Israel,8.61,8.9,7.7,5.43,−1.39,8.73,−1.69,−1.4,1.6,,,,,,,,,,,,,,,,,,,,,,,,,,,9.48,8.31,6.88,6.24,2.25,1.77,4.53,−0.343,0.101,1.15,1.43,0.997,2.11,3.98,1.52,1.35,3.26,1.74,0.593,2.5,0.56,−0.00184,0.887,1.88,0.973
Italy,2.78,5.79,8.46,6.49,4.2,2.23,2.78,1.73,4.05,11,7.18,5.63,12.7,20.2,17,17.5,18.5,13.9,15.5,20.8,18.8,17.5,15.1,10.8,9.17,7.49,6.01,6.65,6.2,8.91,7.58,4.37,3.89,3.54,4.93,4.51,2.57,2.4,1.54,1.79,3.03,3.27,3.15,2.67,2.01,2.12,2.48,2.4,1.68,0.436,1.61,1.55,1.15,0.913,0.932,1.13,0.726,1.07,0.915,1.17
Jamaica,,,,,,,4.24,2.73,4.11,5.23,6.92,−4.91,26.4,31.1,20.7,11.1,12.5,26.6,15.7,18.3,8.32,8.31,17,35.9,28.5,26.9,10.8,12.1,12.4,25.1,43.8,60,52.8,31.1,25.2,18.9,9.61,10.6,6.92,10.6,7.81,9.08,11.6,12.9,11.5,8.85,11.3,13.5,11.7,9.81,5.8,6.57,8.42,6.93,6.66,4.66,6.55,4.99,3.18,3.56
Jordan,,,,,,,,,,,,,,,,,12.4,0.461,2.25,6.63,6.14,6.41,10.7,2.49,6.06,7.77,−0.251,1.26,15.6,14.2,5.44,6.75,2.96,6.89,1.86,2.06,1.24,6,−0.384,−0.408,0.779,0.923,2.15,3.09,2.01,10.7,5.05,23.6,3.16,8.08,5.91,4.61,6.14,3.45,2.17,1.36,1.68,1.71,1.67,−0.262
Japan,7.79,4.2,5.51,5.33,5.14,4.97,5.5,4.92,4.43,20.4,5.09,5.6,12.7,20.8,7.18,8.01,6.75,4.6,2.75,5.44,2.93,1.74,0.946,1.47,1.26,1.61,−0.158,0.625,2.11,2.61,2.93,1.67,0.568,2.14,−0.523,−0.446,0.504,−0.0267,−1.24,−1.34,−1.08,−1.39,−1.61,−1.12,−1.19,−0.862,−0.705,−0.912,−0.57,−1.88,−1.62,−0.756,−0.354,1.69,2.11,0.42,−0.0743,0.00463,0.641,0.842
Kazakhstan,,,,,,,,,,,,,,,,,,,,,,,,,,,,,,,96.4,1470,1240,1550,161,38.9,16.1,5.66,13.3,17.4,10.2,5.8,11.7,16.1,17.9,21.6,15.5,20.9,4.69,19.5,20.5,4.79,9.5,5.77,1.82,13.6,11.2,9.21,7.63,4.21
Kenya,8.66,0.0183,−1.88,2.69,−2.05,1.71,2.4,1.68,−0.18,15.3,−9.22,1.21,10.2,16,11.8,18.9,16.9,3.08,5.64,9.55,10.9,11.6,11.8,10.2,8.31,8.71,5.4,6.46,9.77,10.6,12.5,18.9,25.7,17,11.2,42,11.4,6.93,4.19,6.08,1.57,0.933,6.2,7.13,4.9,23.5,8.13,15.2,27.7,1.64,10.1,9.52,7.34,7.64,9.24,5.85,7.61,4.23,4.59,5.18
Kyrgyz Republic,,,,,,,,,,,,,,,,,,,,,,,,,,,,−1.88,6.99,7.98,135,830,754,181,42,35.3,19.3,9.08,37.6,27.2,7.33,2.03,3.97,5.11,7.13,9.39,14.9,22.2,4.04,10,22.5,8.66,3.18,8.42,3.43,6.05,6.33,3.45,3.95,5.76
Cambodia,,,,,,,,,,,,,,,,,,,,,,,,,,,,,,,,,,60,8,3.03,6.01,10.4,1.26,−4.28,2.65,0.713,1.8,4.82,6.08,4.63,6.52,12.3,2.5,3.12,3.36,1.44,0.781,2.63,1.79,3.48,3.34,3.11,3.24,−0.866
Kiribati,,,,,,,,,,,7.11,5.23,16.3,13,9.46,9.17,8.9,11.9,9.17,6.8,9.5,4,5.85,6.74,5.15,5.22,10.1,4.95,−2.17,−1.06,19.6,5.63,5.24,6.85,1.33,9.98,5.3,7.25,4.49,2.03,6.74,4.95,2.64,1.71,0.512,−0.256,6.15,8.32,0.17,1.18,1.88,−0.396,0.136,4.71,3.48,0.172,0.965,5.64,−2.66,8.01
St. Kitts and Nevis,,,,,,,,,,,,,,,,,,6.92,10.6,7.29,16.4,5.77,−0.194,4.26,3.71,6.2,6.11,7.01,5.69,7.6,3.44,5.3,1.99,6.27,0.784,0.646,4.92,2.8,2.78,−5.75,3.33,3.48,1.67,3.84,−1.62,14.2,6.32,2.7,3.75,2.27,5.64,0.109,−0.443,2.69,−0.312,−3.62,4.2,−0.997,3.05,−1.64
South Korea,12.9,16.7,30,30.3,4.73,14.5,13,13.9,14.1,14.8,11.2,15.8,12.7,30.6,23.7,21.2,14.5,21.8,18.5,24.7,16.6,6.46,4.82,4.42,3.99,4.97,4.83,7.12,6.07,10.1,9.14,7.78,6.25,8.16,7.02,4.11,4,4.48,−1.23,1.02,3.48,3.03,3.45,3.13,1.04,−0.223,2.42,2.83,3.61,2.74,1.28,1.25,1.02,0.907,3.19,1.99,2.22,0.483,−0.839,1.31
Kosovo,,,,,,,,,,,,,,,,,,,,,,,,,,,,,,,,,,,,,,,,,,,,,,,,,−2.83,6.39,6.3,3.53,0.353,1.6,0.608,0.779,0.44,1.5,0.963,1.38
Kuwait,,,,,,,,,,,,,,,,,,,,,,,,,,,,,,,,,−7.39,−5.87,4.85,15.5,−4.72,−17.2,18.1,20.5,−7.72,5.15,4.92,11.4,21.8,16.2,4.31,18.7,−17.2,11.1,17.3,7.46,0.223,−6.76,−26,−6.84,16.2,12.6,−1.34,−14.1
Lao,,,,,,,,,,,,,,,,,,,,,,,,,64.8,51.1,14.4,25.8,55.3,37.9,13,5.99,11.2,7.7,19.7,13.7,19.4,84.5,128,24.8,8.87,6.32,13.5,10.7,8.64,10.8,7.44,8.86,−2.93,9.2,10.5,7.53,6.47,5.73,2.35,3.02,1.85,1.92,2.04,4.99
Lebanon,,,,,,,,,,,,,,,,,,,,,,,,,,,,,73,15.5,47.7,97.4,24.7,7.87,10.7,1.74,11.5,4.02,0.813,−2.09,−1.53,4.92,1.58,−1.23,−1.06,0.881,3.13,7.53,10.3,0.579,2.97,7.56,2.61,0.152,3.41,1.04,2.96,5.45,4.36,84.6
Liberia,,,,,,,,,,,,,,,,,,,,,,,,,,,,,,,,,,,,,,,,,0.72,−1.39,15.5,16.9,0.49,9.13,12,17.3,−2.72,6.51,10.9,7.8,4.72,0.818,0.0627,6.97,−2.62,−0.21,−0.56,−0.602
Libya,,,,,,,,,,,,,,,,,,,,,,,,,,,,,,,,,,,,,,,,13.3,7.18,27.2,14.4,22.6,28.6,9.46,11,21.8,−25.3,14.2,18.3,8.98,−6.67,−17.3,−19.4,−2.56,14.4,18.1,−1.1,−29
St. Lucia,,,,,,,,,,,,,,,,,,,,,7.36,−7.64,2.39,19,4.45,4.48,6.29,0.438,3.94,8.38,5.48,1.75,1,2.58,5.07,0.462,2.87,2.43,2.33,1.12,−0.912,0.412,5.22,0.708,6.9,5.18,3.59,2.53,0.318,4.41,0.555,1.99,7.12,3.6,4.44,−0.453,3.41,0.483,2.66,−4.17
Liechtenstein,,,,,,,,,,,8.24,8.24,8.24,8.24,8.24,2.23,2.23,2.23,2.23,2.23,7.01,7.18,3.22,2.95,2.86,3.7,2.52,2.51,3.14,5.4,5.87,4.02,3.3,0.852,1.8,0.815,0.515,0.0146,0.819,1.55,0.986,0.651,0.633,0.81,1.19,1.31,6.58,−2.12,−9.9,,,,,,,,,,,
Sri Lanka,,−2.35,3.31,1.6,1.17,−1.8,1.84,12.1,1.3,12.5,1.5,8.97,12.7,24.4,5.35,9.98,14.7,10.9,15.4,20,20.9,12.1,16.9,20.3,0.584,5.92,7.75,10.1,10.9,20.1,10.6,9.4,9.88,9.77,9.3,10.8,8.92,9.21,4.16,7.28,13.7,8.11,8.75,8.8,10.4,11.3,14,16.3,5.88,22.8,3.83,10.8,6.24,2.91,0.649,4.84,7.27,3.83,2.74,3.43
Lesotho,1.35,1.67,1.59,2,3.43,3.74,−5.76,4.07,5.72,1.98,5.99,13.9,6.97,9.82,24.8,4.54,7.48,16.5,2.43,41.5,12.6,−4.85,11.6,8.1,18.7,16.3,11.7,20.1,14.8,12,17.8,13.9,11.3,7.77,12.8,6,9.02,9.92,8.13,6.3,11.5,14.2,2.44,9.6,5.92,9.31,−6.69,16.7,2.35,5.34,9.43,2.18,10.3,14,10.2,−0.295,2.02,9.62,3.15,−0.0328
Lithuania,,,,,,,,,,,,,,,,,,,,,,,,,,,,,,,,,,,,19,11.4,3.35,−1.26,1.3,−0.322,0.319,−0.813,2.68,6.89,6.74,8.55,9.71,−3.3,2.53,5.35,2.73,1.28,0.834,0.0637,1.58,4.24,3.53,2.65,1.46
Luxembourg,−3.66,3.89,3.15,5.83,2.8,3.93,0.431,5.02,5.29,6.26,−0.814,5.79,12.2,17,−0.855,12.2,1.17,5.13,6.35,7.92,7.18,10.8,6.82,4.41,3.09,−0.0838,0.063,2.78,4.02,2.51,1.82,3.73,5.97,3.54,2.33,3.78,2.62,−2.03,4.76,4.61,0.79,1.46,2.19,3.12,4.82,6.45,1.89,6.61,0.871,4.65,3.45,3.27,2.28,2.8,2.22,−1.11,2.14,1.73,0.577,4.27
Latvia,,,,,,,,,,,,,,,,,,,,,,,,,,,,,,,,,,,,12.4,5.89,4.82,1.49,3.62,2.3,5.07,5.02,7.06,11.2,12.4,20.1,11.7,−9.67,−0.345,6.53,3.64,1.72,1.92,0.116,0.864,2.95,3.89,2.58,−0.0923
"Macao, China",,,,,,,,,,,,,,,,,,,,,,,8.06,14.3,3.19,5.62,11.8,8.86,12.5,10.9,11.7,14.7,9.54,6.75,8.18,2.27,1.66,−1.94,−1.19,−1.75,−1.48,−1.34,0.0504,1.93,5.57,7.74,8.76,10.1,0.922,4.79,7.49,6.92,7.73,8.73,4.51,0.862,2.15,3.54,2.4,−0.236
Morocco,,,,,,,−3.75,−2.28,3.01,3.47,4.07,3.58,6.04,23.9,0.931,4.98,10.8,8.42,7.34,33,9.47,6.3,6.97,6.2,8.95,7.49,3.01,3.67,2.92,7.69,5.4,4.59,3.03,0.655,7.54,0.435,0.713,0.391,0.57,−0.742,0.652,1.21,1.06,1.22,1.19,1.55,3.6,4.53,0.147,0.976,−0.691,0.369,1.31,0.378,2.13,1.48,0.635,1.09,1.36,0.858
Monaco,,,,,,,,,,,5.98,6.87,7.77,11.4,13.6,10.8,8.81,9.16,10.1,11.3,11.4,12,9.52,7.28,5.53,5.28,2.78,3.07,3.31,2.64,2.54,2.14,1.55,1.35,1.31,1.6,1.01,0.901,0.0462,1.4,1.65,2.38,1.88,1.59,0.196,2.16,2.56,2.45,0.0568,1.06,0.969,1.16,0.78,0.575,1.14,0.159,0.887,0.992,1.28,2.52
Moldova,,,,,,,,,,,,,,,,,,,,,,,,,,,,,,,,,,,,27.9,12.5,9.46,39.8,27.3,12.1,9.83,14.9,7.99,9.34,13.4,15.9,9.24,2.17,33.3,8.19,7.42,3.92,6.35,9.56,5.67,6.25,3.18,5.4,5.45
Madagascar,1.79,3.39,3.68,1.65,4.35,5.82,0.674,0.971,3.86,6.9,3.59,3.02,11.9,22.8,4.69,9.93,8.59,6.79,11.3,47.8,30.5,31.9,19.5,9.72,10.6,14.5,15.5,26.3,9.02,11.9,8.54,14.6,9.99,39,49,19.8,4.49,6.21,7.19,11.6,7.92,16.5,−1.7,14,18.4,10.8,10.3,7.49,6.93,10.2,10.4,5.47,5.45,6.73,6.5,8.96,4.96,8.3,6.52,4.35
Maldives,,,,,,,,,,,,,,,,,,,,,,,,,,,,,,,,,,,,4.66,4.1,−1.14,2.75,2.03,50.9,0.498,3.11,9.97,9.16,7.37,10.1,11.1,11.3,2.88,12.6,6.78,6.43,4.64,7.93,0.225,1.39,3.15,−1.08,0.36
Mexico,3.42,2.56,3.21,5.8,1.55,4.96,3.17,1.02,6.97,2.68,6.36,6.54,13.4,23.1,15.6,19.4,30.4,16,19.7,40.8,26.3,61.8,86.6,59.4,58.7,69.4,143,100,26.8,28.2,23.4,14.8,36.2,8.81,38.5,26.5,18.7,15.4,16.1,11.2,6.04,5.5,4.04,7.96,5.87,6.39,5.79,6.17,3.95,4.55,5.84,4.07,1.53,4.44,2.84,5.61,6.71,4.95,4.14,2.91
Marshall Islands,,,,,,,,,,,,,,,,,,,,,,7.38,3.51,4.11,3.69,2.45,2.86,4.12,4.76,4.99,5.04,3.01,3.03,2.62,2.81,2.8,6.74,2.26,3.12,−0.455,−0.322,3.39,1.38,−0.155,0.739,3.99,1.55,9.14,−4.44,0.407,8.01,7.25,−1.52,−0.514,−0.685,8.21,2.47,0.346,1.33,4.39
North Macedonia,,,,,,,,,,,,,,,,,,,,,,,,,,,,,,,93.9,1270,442,152,17.1,2.86,3.93,1.39,2.74,8.18,4.72,0.944,1.65,−0.166,4.9,3.25,4.59,5.49,0.295,2.04,3.72,1,4.48,1.45,2,3.47,2.81,3.93,0.868,1.13
Mali,,,,,,,,21.1,3.59,6.03,6.7,6.47,3.96,4.82,23,10.9,8.06,8.56,11.4,14.5,10.8,13.2,10.8,9.25,−3.48,−0.138,−1.91,−4.25,3.42,7.6,−5.82,0.739,3.24,39.6,15.8,−1.65,5.58,1.74,16.3,−0.62,4.68,3.51,−7.59,3.6,7.5,4.65,4.56,7.28,4.64,4.37,12.2,4.61,0.653,1.27,2.88,1.35,1.93,1.46,1.93,0.532
Malta,,,,,,,,,,,0.633,−1.22,8.69,3.36,5.36,5.03,4.92,4.15,6.21,12.4,7.78,3.44,−0.305,−0.177,0.637,3.52,3.05,1.86,2.15,3.15,3.35,3.55,2.85,3.56,9,1.09,0.954,1.22,0.766,−9.38,4.42,2.73,1.87,2.11,1.94,2.16,2.28,3.23,2.02,3.17,1.12,2.15,2.28,2.34,4.22,1.76,2.22,2.26,2.31,1.45
Myanmar,,1.03,0.796,−1.37,−1.08,2.54,9.68,8.61,2.21,0.599,−1.87,−0.767,5.37,35.2,31.6,13.1,5.71,1.34,3.28,3.32,2.88,3.87,2.63,2.25,2.02,4.05,13.9,22.8,44.8,33.3,21.2,23.2,29.7,28,20.6,21.5,29.1,35,28.4,11,14.4,34.6,28.7,10.7,12,20.4,22.6,17.8,8.76,6.03,8.68,6.44,3.8,4.27,8.37,−2.65,5.37,5.45,6.27,5.06
Montenegro,,,,,,,,,,,,,,,,,,,,,,,,,,,,,,,,,,,,,,,,,20.2,3.08,8.32,5.89,4.33,10.1,16,7.63,2.41,1.6,1.2,0.177,2.07,1.04,2.22,5.1,3.82,3.23,2.02,−0.176
Mongolia,,,,,,,,,,,,,,,,,,,,,,1.98,0.904,−3.09,−1.45,−9.17,0.81,0.931,7.15,23.2,93.3,174,319,64.3,60.3,10.8,21.7,−1.93,10.9,12,10.4,6.37,10.2,16.7,20.1,22,11.6,21.4,1.83,39.2,15.1,12.8,2.91,7.45,0.61,2.99,10.8,7.96,9.97,3.71
Northern Mariana Islands,,,,,,,,,,,,,,,,,,,,,,,,,,,,,,,,,,,,,,,,,,,−3.83,0.761,0.445,0.193,1.53,12.6,2.71,−0.88,−1.49,1.51,0.783,3.45,5.8,4.61,2.97,3.48,2.17,
Mozambique,,,,,,,,,,,,,,,,,,,,,,,,,,,,,,,,35.8,43.9,49.9,51.5,49.7,10.7,5.95,9.35,11.5,15.8,10,4.35,6.52,7.19,7.87,7.54,5.28,1.07,8,3.2,3.47,2.98,1.21,7.59,13.7,7.64,3,5.06,2.5
Mauritania,,2.43,4.46,4.53,−2.07,4.14,2.38,−0.0116,−1.54,0.128,6.27,7.12,16.5,12.7,15,6.03,6.39,2.49,12.2,6.55,7.27,10.1,7.26,10.9,10.2,7.26,10.5,5.38,7.98,2.64,41.4,5.74,11.9,11.1,2.84,1.86,12.1,18.5,4.77,6.35,5.83,6.71,4.49,10.9,14.6,14.1,8.9,10.7,−0.359,22.3,17.5,0.456,4.49,−11.9,−4.79,11.2,1.58,3.1,4.34,3.52
Mauritius,,,,,,,,,,,,,,,,,8.58,10.8,17.9,26.6,10.9,8.87,8.44,7.46,8.2,8.02,12.9,10.9,11,10.6,8.56,5.36,9.22,6.56,5.4,7,5.12,6.96,6.57,3.41,6.23,6.22,5.62,6.85,3.95,11,8.31,5.69,−0.654,1.13,3.16,2.47,2.75,1.48,0.961,2.15,1.3,1.45,0.504,1.33
Malawi,−0.473,4.2,5.67,−0.591,3.71,0.207,−2.08,6.6,2.4,8.78,7.9,0.924,9.31,18.3,8.19,10,13.4,0.22,3.42,15.8,16.4,9.66,11.2,12.8,8.93,13.5,16.7,31.1,22.5,10.7,10.7,13.3,28.2,26.2,77.2,52.3,20.8,19.5,39.7,30.5,25.6,113,10.3,14.8,10.7,20,4.1,12,7.9,12.1,14.1,17.7,27.3,20.9,20.5,19.5,61,6.13,7.73,10.2
Malaysia,−7.76,−1.11,16.8,1.13,2.65,−1.38,−2.32,−3.28,4.91,−0.509,−0.469,0.344,17.9,12.7,−3.08,12.7,6.87,9.84,12.1,6.88,1.06,2.56,5.91,4.79,−1.61,−8.72,7.67,3.62,4.46,3.81,3.58,2.41,3.99,3.94,3.63,3.68,3.48,8.5,0.0454,8.86,−1.58,3.13,3.3,6.01,8.86,3.98,4.88,10.4,−5.99,7.27,5.41,1,0.174,2.47,1.22,1.66,3.78,0.625,0.0743,−0.778
Namibia,,,,,,,,,,,,,,,,,,,,,3.67,17,13.3,12.7,23.9,10.1,9.4,20.2,15.1,6.39,5.99,10.3,10.4,20.5,6.68,15.2,7.11,8.27,6.79,11.3,11.2,10,1.27,2.04,5.6,9.41,9.29,11,6.95,3.73,3.81,11.3,4.04,8.23,3.86,7.97,9.92,4.43,0.613,5.82
New Caledonia,,,,,,7.01,4.02,4.76,11,11.3,7.51,7.76,6.56,12.6,7.11,6.54,5.87,−15.5,35.1,12.6,13.7,9.84,7.77,8.84,5.65,9.42,1.7,2.56,1.72,−4.64,3.63,2.84,2.72,2.89,1.33,1.42,2.06,12.8,6.12,5.96,,,,,,,,,,,,,,,,,,,,
Niger,3.39,−0.843,0.761,−0.719,8.08,4.96,−5.22,−3.42,8.44,7.14,0.6,3.36,35.8,7.65,−6.39,12.4,15.7,11.2,4.59,21.1,11.5,10,7.8,11.7,−5.9,−4.2,1.68,−5.3,1.4,39.4,−2.64,−5.2,−3.87,22.2,4.25,6.97,6.99,6.08,0.38,3.18,5.01,2.57,−0.188,0.387,8.58,1.5,7.04,10.1,4.19,3.48,3.97,5.31,−0.369,−0.406,2.25,1.79,0.372,2.18,0.407,0.9
Nigeria,6.26,5.57,−3.09,2.43,0.864,13.2,−3.01,1.22,2.71,51.3,1.35,2.89,5.35,43.9,23.5,14.4,10.7,13.9,11.5,12.4,219,14.8,19.6,5.65,6.93,5.42,19.7,20.2,29,6.67,18.9,46.8,41.6,43.3,75.4,26.5,5.06,6.01,13.4,22.7,10.1,21.1,9.8,22.4,19.9,23.9,7.1,7.92,0.686,16.3,9.78,9.95,4.96,4.66,2.86,9.54,11.1,10.2,10.4,7.85
Nicaragua,−0.0474,−0.535,−0.408,4.52,0.84,3.66,1.27,4.49,1.17,2.44,3.03,4.25,16.7,21.8,4.73,10.4,11.9,3.77,31.7,37,11.7,16.7,11,39,167,281,523,13.6k,4710,5020,4520,23.7,20.4,134,13.4,9.61,9.78,14,9.23,8.57,7.24,3.25,5.33,9.05,9.87,7.87,9.67,16.2,6.04,6.14,10.2,6.24,4.35,8.39,7.59,4.59,4.12,2.66,5.51,5.86
Netherlands,5.26,0.759,4.7,8.68,3.37,5.98,4.21,4.2,15,5.64,8.79,8.16,8.48,12.9,8.1,8.99,5.34,5.33,4.77,6.23,6.39,4.62,1.39,2.31,0.866,0.212,−1.05,0.82,1.35,1.56,3.12,2.5,1.6,2.06,2.06,1.04,2.64,2.08,1.28,3.42,4.18,3.77,2.17,1.2,1.99,2.56,2.07,2.31,0.221,0.94,0.194,1.45,1.28,0.253,0.773,0.455,1.26,2.44,3.03,2.29
Curaçao,,,,,,,,,,,,,,,,,,,,,,,,,,,,,,,,,,,,,,,,,1.79,0.41,1.62,1.38,4.1,3.13,3,6.9,1.8,2.78,2.33,3.18,1.33,1.5,−0.483,0.0472,1.59,2.58,2.66,2.56
Norway,2.65,4.77,3.39,4.72,4.77,3.98,2.96,4.42,4.2,13.6,6.38,5.52,8.68,11.4,8.89,7.84,8.17,6.26,5.7,13.1,12.9,10.5,6.96,6.21,5.2,−0.551,7.22,4.87,5.61,3.81,2.21,−0.64,2.29,−0.156,3.06,4.26,2.79,−0.693,6.67,15.4,1.67,−1.63,2.87,5.84,8.75,8.76,2.96,10.4,−5.21,5.97,6.72,3.34,2.56,0.291,−2.85,−1.47,3.95,6.65,−0.473,−3.6
Nepal,2.69,5.9,3.57,1.19,12.9,15.2,−5.67,11.1,6.56,7.05,3.17,12.5,−3.4,20.8,27.5,0.544,−3.56,9.37,9.98,7.61,7.94,9.35,12.3,6.38,11.4,14.4,12.7,11.8,11.3,10.7,12.5,18.5,10.8,4.82,6.3,7.82,7.28,4.11,8.89,4.47,11,3.93,3.07,4.17,6.12,7.36,7.6,5.62,15.9,15.1,26.7,7.74,7.08,8.04,4.41,7.15,8.26,4.36,4.69,3.61
Nauru,,,,,,,,,,,,,,,,,,,,,,,,,,,,,,,,,,,,,,,,,,,,,−3.75,−15.1,−3.61,18.5,31,−19,12.8,26,−21.8,−6.17,−12,27.2,12.3,4,3.75,1.84
New Zealand,,,,,,,,,,,,,,,,,,13,14.2,14.9,16.3,12.1,7.73,7.8,13.6,16.9,11.5,7.91,5.64,2.42,0.89,2,1.48,1.91,1.43,1.39,1.59,1.11,0.515,2.85,3.81,0.336,2.24,2.82,2.03,2.61,5.34,2.61,2.73,3.07,2.45,−0.142,4.23,0.413,1.46,2.48,3.57,2.04,3.66,−1.29
Oman,,,,,,1.78,−3.54,11.5,1.11,−6.23,16.1,2.48,40.3,201,2.37,1.3,6,3.8,30.6,51.1,3.68,−6.72,−10,−4.72,−0.512,−20.6,11.2,1.32,0,24.8,−8.5,1.27,−5.39,−0.45,1.76,7.42,−2.24,−13.9,11,17.4,−4.56,4.7,10.3,13,22.5,13.6,8.26,33.8,−25.1,32.1,15.9,3.61,−2.22,1.76,−19.1,−9.14,7.3,11.7,−2.67,−13.2
Pakistan,3.65,0.16,−1.15,4.49,3.17,4.6,7.94,0.469,2.34,3.71,5.87,6.77,15.3,26.1,21.1,11.5,10.5,8.98,6.53,9.01,10.1,9.37,5.27,9.65,4.53,3.29,4.52,9.62,8.59,6.45,13.5,10.2,8.84,13,13,8.37,13.4,7.53,5.86,38.5,5.31,3.73,3.26,7.33,7.84,8.87,7.27,13.2,20.7,10.9,19.6,5.97,6.97,7.41,4.11,0.4,4.01,2.46,8.78,10.1
Panama,0.535,0.572,2.12,2.82,0.62,1.28,2.59,0.564,1.21,3.42,2.9,5,8.54,11.6,9.38,4.53,4.66,7.92,9.25,10.1,3.64,4.87,7.5,1.63,0.81,0.338,2.29,−0.192,−1.28,0.565,0.493,5.06,3.55,3.68,0.467,−0.942,1.61,0.998,0.842,−1.25,1.03,1.67,1.13,1.97,1.75,1.97,4.82,7.53,6.47,2.59,5.84,6.18,5.5,4.2,2.48,2,1.73,0.673,0.18,−1.8
Peru,3.1,3.01,5.01,13.6,12.3,9.32,10.1,18.3,8.14,12,6.64,7.13,12.6,15.2,22.2,29.7,35.7,63.7,76.3,37.9,65.3,66.7,107,108,166,68.4,85.6,586,2570,6260,378,69.3,46.4,26.7,13.6,9.69,7.28,5.37,2.93,3.52,0.455,0.109,1.8,6.28,3.5,7.66,1.49,1.1,2.06,5.71,6.75,1.2,1.06,2.43,2.69,3.08,3.62,2.27,1.98,4.21
Philippines,3.12,6.73,8.91,4.58,3.89,5.37,2.12,6.39,5.91,15.3,14.5,6.58,17.1,32.9,9.48,8.38,8.37,9.36,14.9,14.2,11.8,8.64,14.2,53,17.1,2.89,7.5,9.76,9.1,13,16.4,7.88,6.81,10.1,7.64,7.69,6.26,10.4,6.33,5.82,5.62,4.23,3.19,5.89,5.91,5.11,3.16,7.18,2.74,4.37,3.92,1.99,2.06,3.05,−0.72,1.28,2.32,3.74,0.697,1.64
Palau,,,,,,,,,,,,,,,,,,,,,,,,,,,,,,,,,,,,,,,,,0.763,0.406,−2.47,2.32,10.9,1.42,1.34,5.81,1.25,−1.06,−0.736,6.09,7.76,2.82,7.91,6.45,−1.11,−0.103,−1.83,4.12
Papua New Guinea,0.0363,0.286,1.53,1.9,2.23,7.36,8.56,5.25,4.94,5.65,3.41,7.13,19.7,8.92,2.27,19.7,7.44,−2.03,16.1,7.09,−1.3,3.68,18.7,7.44,1.62,1.36,7.97,7.92,−2.54,4.14,6.99,2.88,−2.5,7.25,15.9,1.81,8.43,14.5,11.1,13.1,6.91,12.3,5.54,−1.99,12.2,60.5,2.8,11.7,−4.88,9.92,8.83,−0.575,3.59,5.44,−1.23,2.52,7.7,9.8,1.06,5.49
Poland,,,,,,,,,,,,,,,,,,,,,,,,,,,,,,,55.3,38.6,30.6,37.2,27.9,18,13.7,11,6.16,6.12,3.12,1.85,0.776,4.92,2.56,1.73,3.72,3.89,3.79,1.65,3.27,2.36,0.305,0.522,0.974,0.312,1.86,1.2,3.19,4.1
Puerto Rico,2.99,3.67,2.55,2.89,2.65,2.35,4.9,6.08,3.47,4.12,5.45,4.58,4.04,6.63,7.38,2.97,4.3,5.35,5.83,8.62,9.27,6.73,5.53,4.71,2.7,3.33,3.21,3.72,2.29,11.9,3.12,2.58,1.89,3.18,2.77,3.91,1.33,6.36,1.47,3.3,5.5,2.55,4.42,−1.29,6.59,5.49,3.78,6.56,4.98,2.49,2.37,1.18,1.18,1.2,1.98,2.22,2.09,1.78,2.43,2.3
Portugal,1.41,0.677,0.568,2.01,3.87,5.26,3.94,1.67,7.4,3.31,5.02,7.8,9.47,18.9,16.2,16.3,26.4,22.3,19.4,20.9,17.6,20.7,24.6,24.7,21.7,20.5,10.1,11.2,10.5,13.1,10.1,11.4,7.38,7.28,3.43,2.39,3.89,3.83,3.37,3.42,3.72,4.19,3.43,2.4,3.33,3.18,2.97,1.74,1.1,0.642,−0.265,−0.388,2.25,0.705,2.02,1.72,1.51,1.81,1.75,1.94
Paraguay,6.68,8.42,1.65,2.07,2.32,2.98,−3.12,0.519,2.64,1.26,5.9,8.52,20.6,23.6,6.08,4.54,10.4,9.22,19.3,16.5,15.8,5.47,15.9,28.8,26.1,26.9,28,27.2,31.5,36.6,25.1,14.1,12.2,12.6,11.1,11.4,3.41,16.3,10.7,14.7,13.9,17.9,15.1,11.8,13,8.86,12.6,12.2,3.65,4.66,5.1,4.8,4.34,2.86,1.6,4.13,2.16,1.96,3.01,2.68
Palestine,,,,,,,,,,,,,,,,,,,,,,,,,,,,,,,,,,,7.78,2.62,−3.83,−5.37,−3.03,10.4,2.34,1.49,−2.13,−4.86,0.0562,5.39,4.77,17,1.85,13.2,5.42,2.87,5.74,3.67,−3.71,1.28,3.23,−0.302,3.85,2.58
French Polynesia,,,,,,11.5,7.57,2.21,1.18,10,4.03,5.01,8.38,17.9,16.4,9.31,9.1,5.96,9.6,10.8,11.4,10.5,14.2,12.3,6.61,8.59,−10.5,2.28,2.01,0.764,1.45,1.27,2,0.867,1.14,1.47,0.984,0.726,0.931,0.962,,,,,,,,,,,,,,,,1.13,−0.301,0.00194,0.305,0.296
Qatar,,,,,,,,,,,,,,,,,,,,,,,,,,,,,,,,,,,,,,,,,−4.95,3.01,17.2,13.1,30.5,8.36,11,22.9,−24.2,6.98,18.3,6.33,0.767,−1.48,−25.1,−8.98,7.79,12.4,−4.46,−15.1
Romania,,,,,,,,,,,,,,,,,,,,,,,,,,,,,,,195,200,227,139,43.9,44,135,48.1,49.5,43.2,38,22.7,23.2,15.5,12,10.6,15.8,16,4.09,3.59,3.77,3.77,3.4,1.8,3.26,2.45,4.68,6.19,6.8,3.75
Russia,,,,,,,,,,,,,,,,,,,,,,,,,,,,,,15.9,129,1490,888,307,144,46,15.1,18.5,72.4,37.7,16.5,15.7,13.7,20.3,19.3,15.1,13.8,18,1.97,14.2,24.5,8.91,5.32,7.49,7.25,2.84,5.35,10,3.08,0.896
Rwanda,7.12,−7.97,13.6,16,6.96,36.9,37,0.848,−1.28,9.94,−0.114,1.85,3.92,15.9,88,−1.89,13.5,3.66,6.07,3.06,7.71,4.88,2.45,16.9,4.56,−7.02,0.665,2.23,5.3,13.5,15,7.28,13.9,17.2,51.3,10.9,15.6,2.23,11,3.28,−0.388,−5.23,20.4,11.1,9.03,2.46,12.9,14.5,7.15,3.19,7.19,4.72,2.69,4.73,0.487,5.03,8.16,−0.626,2.5,8.27
Saudi Arabia,,,,,,,,,1.02,−24.4,10.5,1.08,11.4,150,12.1,16.6,8.08,10.1,23.1,37.8,11.7,6.31,1.2,−0.923,−1.04,−26.9,6.74,−8.95,8.58,7.1,−2.26,−0.297,−1.66,1.09,5.82,7.84,3.46,−13.9,14.5,10.9,−1.65,5.96,2.32,11.1,20.1,11.6,8.44,17.7,−15.7,17.2,15.5,4.02,−1.22,−2.27,−16.9,−3.05,7.57,11.5,0.486,−7.93
Sudan,8.54,1.59,4.71,3.91,−2.39,6.4,6.76,2.37,8.61,7.32,6.56,14.3,23.2,15.4,5.28,6.87,17.4,24.9,24,22,25,30.6,26.1,33.6,46.2,28.6,25.9,78.9,36.7,66.2,88.8,109,97.5,159,105,32.6,47.6,17.7,15.8,9.85,21.1,10.8,9.8,17.3,18.1,7.65,15.3,8.89,1.86,22.7,26.3,30.1,36.4,34.1,14,20.7,34.6,56,52,115
Senegal,2.47,2.54,1.49,2,0.453,0.416,1.33,−0.542,6.87,2.04,3,4.1,7.68,16.8,11.6,3.79,8.16,6.77,9.71,5.46,11,9.72,9.29,7.72,8.89,5.54,−1.74,−1.14,2.17,−0.167,−0.924,−0.827,0.0843,34,7.11,4.16,1.98,2.78,−0.525,1.31,6.99,1.9,−0.923,−0.135,4.72,2.89,6.59,8.22,−1.69,1.6,3.86,3.27,1.19,−1.52,1.07,0.956,0.599,−0.84,1.86,2.34
Singapore,0.332,0.468,0.925,0.565,1.08,2.1,0.362,1.44,2.28,1.55,4.85,5.73,13.2,16.3,2.9,1.72,2.01,4.04,5.24,11.1,5.88,4.53,3.17,0.788,−1.47,−1.25,0.533,5.43,4.16,4.7,4.44,1.39,3.45,3.46,3.15,1.51,1.08,−1.32,−3.58,3.86,−1.82,−0.889,−1.79,4.07,1.91,1.85,5.92,−1.39,2.96,1.1,1.05,0.47,−0.45,−0.27,3.06,0.647,3.01,3.35,−0.624,−2.92
Solomon Islands,,,,,,,,,,,,,,,,,,,,,13.2,12.5,7.06,10.9,9.5,5.12,11.6,16.9,3.21,34.2,7.37,13.1,17,27.9,9.53,12.1,8.46,11.2,7.65,5.58,9.87,11.3,6.24,5.46,14.3,8.85,10.8,7.87,6.71,6.06,9.52,7.19,1.67,3.91,3.56,0.034,1.39,2.94,1.26,3.4
Sierra Leone,−30µ,10µ,20µ,−10µ,5.2,2.73,−5.85,6.67,14.2,−2.14,−6.93,5.95,23.2,14.2,8.87,8.28,19.7,23.9,11.5,−6.01,8.7,18.5,19.4,39.8,68.9,78.5,166,64.3,61.5,70.6,129,82,26.7,25.1,33.6,29.6,2.25,23.8,17.2,3.28,73.8,−3.92,13.1,12.8,16.6,12.3,6.8,9.99,7.78,17.2,17.4,12,6.93,1.8,18.9,1.78,14,14,7.7,10.9
El Salvador,,,,,,−1.18,−0.394,0.195,0.425,4.84,0.806,0.4,8.84,9.65,9.89,17.6,18.3,0.96,15.6,22.6,2.01,5.55,1.59,3.05,3.15,−0.948,2.37,3.91,3.36,5.11,7.42,3.42,8.59,9.8,10.9,6.58,3.38,4.23,0.994,3.27,3.31,1.51,2.97,2.72,4.26,4.32,4.38,3.53,−0.0558,2.65,5.91,2.55,0.583,1.01,1.31,0.651,0.988,1.7,0.96,0.204
San Marino,,,,,,,,,,,,,,,,,,,,,,,,,,,,,,,,,,,,,,1.83,1.55,2.57,2.7,2.39,2.45,2.01,1.67,2.01,−1.97,2.83,0.999,1.43,0.153,3.12,2,0.389,−0.743,1.32,1.74,2.01,0.609,
Somalia,9.79,−0.824,3.3,13.1,12.9,−3.21,−0.324,3.4,6.52,0.689,1.84,12,11.6,13.1,16.9,14.7,9.79,14.6,13,101,20.1,26.8,32,71.7,29.6,33.5,32.7,69.8,97.4,215,,,,,,,,,,,,,,,,,,,,,,,,7.13,1.65,−0.849,−0.974,0.458,7.17,7.9
Serbia,,,,,,,,,,,,,,,,,,,,,,,,,,,,,,,,,,,,85,20.9,24.4,27.9,81,86.8,19.5,12.5,8.12,14.7,12.4,8.7,9.09,7.89,5.73,8.91,6.2,5.13,2.59,1.87,1.55,2.97,1.97,2.44,2.45
South Sudan,,,,,,,,,,,,,,,,,,,,,,,,,,,,,,,,,,,,,,,,,,,,,,,,,−11.8,12.9,38.8,46.5,36.5,−26.7,17.7,,,,,
Sao Tome and Principe,,,,,,,,,,,,,,,,,,,,,,,,,,,,,,,,,,,,,,,,,,12.6,15.7,14.5,18.6,13.1,10,26.5,7.57,12.5,7.78,13.6,10.7,8.2,5.01,5.11,2.97,1.72,6.98,5.47
Suriname,3.13,3.8,2.69,0.196,2.41,3.59,3.43,1.63,2.95,3.09,5.38,4.26,10.8,20.3,10.5,−0.19,15.2,7.55,7.03,11.4,4.41,7.44,0.476,−0.313,−0.94,1.25,17.3,9.9,12.1,49.9,12.3,34.9,157,438,277,11.9,1.49,17.2,74,60.7,39.5,37.5,21.3,12.8,15.5,39,6.43,15.5,6.48,7.2,13.8,10.7,0.384,1.58,4.85,24.1,28.1,5.66,4.42,44.9
Slovak Republic,,,,,,,,,,,,,,,,,,,,,,,,,,,,,,,,,15.6,13.4,9.89,4.54,4.79,4.85,7.22,9.49,5.12,3.94,5.33,5.74,2.54,2.9,1.12,2.86,−1.16,0.533,1.68,1.26,0.509,−0.192,−0.216,−0.512,1.22,2.03,2.49,2.37
Slovenia,,,,,,,,,,,,,,,,,,,,,,,,,,,,,,,,,,,,11.5,8.43,7.43,6.53,5.57,8.68,7.58,5.64,3.36,1.52,2.22,4.18,4.47,3.4,−1.03,1.04,0.479,1.6,0.456,1.01,0.874,1.46,2.12,2.2,1.23
Sweden,2.94,4.02,2.76,4.4,5.99,6.55,5.01,2.39,3.42,5.24,7.11,6.97,7.03,9.46,14.5,11.9,10.5,9.55,7.94,11.7,8.77,8.08,9.95,7.64,6.4,6.32,4.72,6.57,7.92,9.47,8.25,1.02,2.21,2.59,3.81,1.01,1.53,0.813,0.898,1.51,2.48,1.55,1.7,0.333,0.686,1.76,2.83,3.24,2.36,0.948,1.09,1,0.927,1.74,2.12,1.53,2.14,2.4,2.55,1.72
Eswatini,,,,,,,,,,,7.12,9.63,25.2,10.3,4.21,13.6,10.4,10.6,13.6,8.21,3.51,15.2,4.74,11.1,5.99,13.9,1.11,24.1,2.89,30.4,8.78,11.2,17.4,11,16.6,7.68,11.3,7.41,5.37,25.3,8.94,8.91,6.01,3.87,6.56,4.04,5.01,10.4,9.77,3.2,5.34,8.75,6.53,7.15,5.55,7.24,2.48,2.81,2.49,2.62
Sint Maarten (Dutch part),,,,,,,,,,,,,,,,,,,,,,,,,,,,,,,,,,,,,,,,,,,,,,,,,,1.13,0.295,3.87,2.42,19.8,0.227,0.345,0.103,6.51,,
Seychelles,1.46,0.599,−0.00246,4.38,2.45,−7.47,2.04,3.4,2.35,2.91,1.57,27.7,12.5,20.9,13.5,9.13,43.8,−0.455,17,22.1,13.1,0.2,4.23,2.93,1.51,6.74,4.14,3.86,1.29,6.83,−2.04,4.68,4.1,0.961,−0.779,−1.53,1.08,4.37,2.06,3.98,6.16,3.61,5.95,24.7,0.459,1.44,11.8,35,27.5,−4.21,4.5,8.66,4.04,2.29,2.09,−0.908,4.8,1.43,1.95,−5.88
Syria,−0.565,−2.75,22.5,2.12,−2.95,7.59,0.938,4.32,−3.18,0.895,8.15,−8.35,19.4,27.7,11.7,6.94,11.3,9.06,19.3,14.9,19.1,1.74,4.13,11.3,1.02,30.5,25.7,23.4,30,23.8,7.85,5.58,4.88,14.1,5.41,10.2,2.76,−0.718,7.44,9.7,6.55,0.394,−1.43,10.3,12,9.1,10.8,16,−2.78,6.9,11.6,26.2,31.8,37.1,35.3,37,37,13.6,19.7,
Turks and Caicos Islands,,,,,,,,,,,,,,,,,,,,,,,,,,,,,,,,,,,,,,,,,,,,,,,,,,,,0.756,2.62,2.58,0.623,2.18,1.55,3.1,2.13,5.46
Chad,5.06,1.53,5.64,8.23,5.67,5.98,3.28,2.03,2.07,3.86,8.99,5.55,6.71,3.74,8.22,8.45,8.62,9.9,8.19,8.73,8.05,9.22,0.0121,24.1,−5.11,−16.9,−3.13,9.36,−1.25,8.01,3.07,−12.9,−1.31,43.5,8.83,11.5,3.78,6.75,−7.57,5.29,13.8,1.91,0.079,9.73,28.1,9.98,3.3,8.65,−9.56,6.39,8.58,1.1,−4.14,0.646,−8.48,−1.4,0.0283,5.01,2.86,−5.08
Togo,−6.95,0.715,3.17,1.46,−2.32,5.74,1.75,0.0609,4.84,−1.62,12.4,−0.372,3.13,42,−4.26,14.2,20.7,−12.3,7.55,10.5,12.6,7.09,14.3,1.88,3.4,5.59,1.66,2.59,0.992,2.98,2.67,3.25,−8.2,35.8,11.1,5.39,2.04,9.56,1.12,10,1.63,5.03,−2.89,−1.91,5.88,−0.509,4.97,11.8,1.58,0.635,1.08,1.71,1.72,−0.0842,3.48,37,−0.435,1.34,1.55,1.28
Thailand,3.7,0.54,−1.17,2.68,4.32,8.25,−1.67,−0.253,3.33,−5,−0.786,6.34,18.4,20.3,3.49,4.5,6.01,9.7,8.65,12.7,8.37,5.06,3.65,1.45,2.18,1.65,4.72,5.92,6.12,5.77,5.75,4.49,6.49,4.67,5.74,4.1,4.42,8.06,−2.58,1.33,1.92,1.69,2.15,3.57,5.09,5.1,2.47,5.13,0.195,4.08,3.74,1.91,1.78,1.44,0.722,2.64,1.9,1.43,0.946,−1.07
Tajikistan,,,,,,,,,,,,,,,,,,,,,,,,,,−4.03,5.82,−2.57,7.26,6.29,99.6,574,1210,263,295,430,65.3,87.9,26.5,22.6,30.9,18.8,27.1,17.4,9.51,21.1,27.2,28.2,12.1,12.5,13.3,11.9,3.63,4.77,6.89,0.541,9.81,2.49,3.66,2.31
Turkmenistan,,,,,,,,,,,,,,,,,,,,,,,,,,,,−2.72,8.31,−20.9,106,3090,1130,952,706,1010,61.8,17.6,23,23.5,32.3,25.2,27.2,18.3,7.03,12.2,9.27,59.7,9.76,2.31,12.9,8.27,1.15,0.669,−5.15,−4.87,−1.54,1.21,4.38,
Timor-Leste,,,,,,,,,,,,,,,,,,,,,,,,,,,,,,,,,,,,,,,,,11.8,5.4,6.79,−10.5,1.84,2.38,8.48,7.26,1.76,11,11.6,6.17,16.7,−0.766,7.2,0.135,0.98,−1.29,8.17,−15.8
Tonga,,,,,,,,,,,,,,,,,,,,,,7.87,8.26,6.51,10.2,16.2,11,9.07,6.81,12.2,9.46,7.45,0.0658,28.6,−4.46,1.24,−1.92,2.66,6.4,5.57,1.76,7.19,8.94,8.89,7.45,15.9,1.56,4.54,4.97,7.74,0.477,4.19,−2.37,0.0118,5.28,3.05,5.61,5.15,7.66,−3.62
Trinidad and Tobago,−4.24,3.05,3.7,−2.48,2.75,−5.57,4.61,8.92,−0.0543,1.87,6.64,11.1,21.2,57.5,24.6,8,13.3,3.16,24.7,22.7,7.22,12.2,6.32,6.01,1.24,−1.25,4.85,4.16,7.18,15.5,1.57,−6.91,8.81,13.3,4.17,1.85,−3.54,−1.86,4.3,12,2.79,−5.19,10.5,8.88,13.3,1.73,12.8,23.8,−27.6,12.7,15.7,0.345,3.74,1.68,−11.4,−0.644,4.78,5.58,−0.996,0.899
Tunisia,,,,,,1.53,4.13,1.33,1.38,6.6,5.48,2.89,8.56,24.4,4.99,2.9,9.65,6.46,10.4,12.8,11.4,16,12.7,6.98,3.6,3.52,5.17,7.7,8.83,4.48,7.04,5.69,4.69,4.53,5.35,4.36,14.1,3.27,3.36,3.28,3.91,2.28,2.68,3.35,4.18,3.83,2.13,6.34,3.02,8.89,4.16,4.97,4.79,5.06,4.18,4.94,4.71,7.75,7.36,5.07
Turkey,4.37,5.79,6.42,2.35,4.12,5.95,5.94,4.76,6.88,8.64,16.9,11,21.9,29,21.3,15.6,24.1,47.5,76.7,93,44.1,28.2,26.3,48.2,53.1,36,33.6,69,75.4,58.2,59.2,65.2,68.4,105,86,77.2,81.5,144,54.3,49.4,53,37.6,23.3,12.4,7.09,9.38,6.2,12,5.45,7.01,8.2,7.42,6.28,7.39,7.84,8.13,11,16.5,13.9,14.8
Tuvalu,,,,,,,,,,,,,,,,,,,,,,,,,,,,,,,2.65,7.34,2.55,−4.66,5.15,12.7,−1.3,2.74,6.12,12.8,5.91,3.32,2.25,5.6,1.5,4.13,−0.131,3.52,0.689,2.64,0.615,0.809,2.11,5.07,4.63,1,3.56,4.92,8.69,0
Tanzania,,,,,,,,,,,,,,,,,,,,,,,,,,,,,20.6,22.4,28.1,25.4,24.5,31.2,26.9,19.3,20.6,67.2,10.7,8.2,4.82,7.23,8.42,6.89,6.39,5.51,9.1,16.4,9.04,9.43,12.2,10.5,9.67,6.05,7.59,7.47,2.7,2.98,2.46,0.344
Uganda,,,,,,,,,,,,,,,,,,,,,,,45.9,25.3,120,137,181,190,115,44.4,26,45.1,30.1,6.85,9.38,4.57,3.1,8.79,−0.113,11.1,4.53,−3.17,7.81,15.6,−1.74,2.41,7.32,6.36,85.4,5.64,9.39,3.84,3.59,5.11,5.19,4.78,4.65,4.44,3,2.72
Ukraine,,,,,,,,,,,,,,,,,,,,,,,,,,,,1.72,3.85,16.2,96.1,1770,3330,953,416,66.1,18.1,12,27.4,27.5,10.2,5.25,8.16,15.3,24.1,14.9,22.8,29,12.6,13.7,14.2,7.98,4.31,15.9,38.9,17.1,22.1,15.4,8.25,9.79
Uruguay,18.4,12,19.9,40.4,62.2,72.3,78.5,116,27.1,4.19,31.7,69.2,192,28.5,66,47.3,55.6,46.8,79.2,54.8,27.3,18.2,53.7,56.3,74,71,72.8,74.6,76.1,107,101,59.6,47.9,39,41,26.4,27.5,12.4,4.33,3.54,4.83,12.6,16.5,10.1,0.678,6.53,9.42,8.02,7.75,4.91,9.01,8.56,8.15,9.37,9.02,16.6,4.99,7.1,8.52,10.9
United States,1.35,1.24,1.09,1.5,1.92,2.9,3.15,4.37,4.96,5.6,5.07,4.32,5.48,9,9.26,5.5,6.21,7.03,8.3,9.03,9.46,6.18,3.92,3.61,3.16,2.01,2.47,3.53,3.92,3.74,3.38,2.28,2.37,2.14,2.1,1.83,1.79,1.13,1.44,2.24,2.19,1.58,1.86,2.69,3.11,3.03,2.69,1.95,0.762,1.17,2.09,1.92,1.75,1.85,0.953,1.05,1.88,2.4,1.79,1.21
Uzbekistan,,,,,,,,,,,,,,,,,,,,,,,,,,,,−1.31,1.38,3.98,90.7,712,1080,1240,371,81.6,66.1,39,44.1,47.3,45.2,45.5,26.8,15.9,21.4,23.5,21.9,26.8,17.3,48.6,21.6,15.4,12,14,10.5,8.93,19.1,27,17.9,11.9
St. Vincent and the Grenadines,2.5,0.0537,0.686,3.85,1.47,6.56,11.7,3.31,5.45,0.0586,4.22,6.36,25.4,25.4,15.5,7.71,37.3,12.3,13,13.1,18.5,6.66,5.19,3.62,1.59,4.58,8.68,0.217,5.5,4.66,8.03,4.61,−3.56,2.42,1.31,3.57,1.36,3.21,1.82,−0.216,6.7,1.02,−3.14,4.01,2.95,3.01,8.41,0.0202,−0.868,4.43,−0.328,1.09,2.2,−0.305,2.44,0.609,1.28,0.249,1.15,1.16
Venezuela,2.01,0.665,4.92,−0.366,2.17,2.64,2.43,1.07,1.78,4.36,8.23,6.27,11.2,50.1,2.26,6.19,8.45,6.09,21.9,28,12.6,4.28,3.64,42.6,10.4,−1.18,37.4,18.5,89.2,41.7,21.4,28.2,31.6,62.9,51.8,116,33.9,18.9,26.2,29.5,8,33,34.9,34,29.6,17.9,15.4,30.1,7.83,45.9,28.1,14.1,35.5,40.4,,,,,,
Virgin Islands (U.S.),,,,,,,,,,,,,,,,,,,,,,,,,,,,,,,,,,,,,,,,,,,5.97,6.77,12.7,−2.16,2.58,−12.4,5.98,2.32,6.39,13.7,−2.45,−2.91,3.19,2.05,0.635,1.19,2.05,
Vietnam,,,,,,,,,,,,,,,,,,,,,,,,,,398,363,411,69.7,42.1,72.5,32.6,17.4,17,17,8.7,6.6,8.84,5.73,3.41,2.62,4.7,7.11,8.43,18.8,8.57,9.63,22.7,6.22,12.1,21.3,10.9,4.76,3.66,−0.191,1.11,4.09,3.4,1.79,1.29
Vanuatu,,,,,,,,,,,,,,,,,,,,13.9,15.7,8.1,2.8,12.2,−3.45,−2.97,16.5,9.8,6.45,−0.968,10.3,2.79,2.06,2.31,1.73,2.09,3.18,4.59,3.08,2.18,3.62,2.87,0.799,2.12,0.42,3.87,5.78,7.16,2.55,1.47,2.79,−0.464,3,1.4,5.86,1.58,5.36,3.21,2.39,1.8
Samoa,,,,,,,,,,,,,,,,,,,,,,,17.9,15.9,1.54,−0.31,4.52,18.4,−2.79,9.01,6.11,8.57,0.655,68.2,−6.98,4.59,11.8,3.41,2.48,2.89,2.43,2.43,2.62,7.02,0.856,9.26,−0.138,8.6,2.44,4.91,0.448,3.64,0.918,−0.152,4.19,1.18,−0.0822,1.16,1.39,0.215
Yemen,,,,,,,,,,,,,,,,,,,,,,,,,,,,,,,12,13.2,16.4,20.8,45.7,36.8,13.3,−8.34,33.5,23.6,2.66,8.64,10.9,14.1,18.5,13.6,10.9,20.4,−8.71,23.6,18.1,5.89,9.21,7.16,46.5,0.134,18.6,14.9,,
South Africa,1.35,0.383,3.27,1.99,2.95,4.37,4.03,3.8,7.59,4.29,6.01,11.1,18.4,15.9,10.8,10.4,11.2,11.6,15.1,24.9,10.1,14,16.5,11.5,16.8,17.2,14.5,15.1,17.2,15.5,15.7,14.6,23.8,9.81,10.8,8.02,8.14,8.08,6.89,9.18,7.8,12.5,6.4,6.04,5.6,6.06,8.25,7.85,8.66,6.13,5.54,4.69,5.84,5.37,5.55,6.95,5.47,3.96,4.5,5.27
Zambia,−3.66,2.09,0.404,4.08,10.6,23.6,0.263,15.9,22.9,−11.4,−7.5,3.71,19.9,10.8,−14.2,15.2,8.25,12.7,21.9,11.8,7.16,6.14,18.6,18.3,41.1,82,62,34.5,80.9,106,92.7,166,144,80.7,30.6,24.3,25.4,16.9,17.9,32.6,25.3,19.4,17.6,19.7,16.7,14.5,13,10.6,5.56,14,11.1,6.99,9.73,5.44,6.66,13.6,10.1,7.41,7.63,13.7
Zimbabwe,−2.04,0.47,−2.35,6.14,2.7,−3.73,0.577,3.87,5.08,−12.1,6.16,13.5,20.5,12.9,11.9,−1.67,8.51,2.48,15.2,12.7,6.6,3.86,−10.5,−16.6,−17,8.03,7.19,7.79,0.793,−0.92,−6.78,−14.1,−3.79,−3.9,3.04,8.98,−2.88,−27,8.01,0.628,−0.131,2.71,8.8,7.61,5.14,−2.02,0.895,1.35,95.4,4.1,2.55,4.03,9.37,−0.252,0.608,2.16,2.44,59.8,441,559
