country,1960,1961,1962,1963,1964,1965,1966,1967,1968,1969,1970,1971,1972,1973,1974,1975,1976,1977,1978,1979,1980,1981,1982,1983,1984,1985,1986,1987,1988,1989,1990,1991,1992,1993,1994,1995,1996,1997,1998,1999,2000,2001,2002,2003,2004,2005,2006,2007,2008,2009,2010,2011,2012,2013,2014,2015,2016,2017,2018,2019,2020
Aruba,,,,,,,,,,,,,,,,,,,,,,,,,,,,,,,,,,,,−1.57,−2.06,−3.72,−3.99,−4.7,3.73,1.95,−4.46,−7.77,−3.48,−9.4,−12.3,−10.6,−10.5,−12.5,−16.5,−16,−17.2,−8.79,−6.33,−0.128,1.4,1.29,−0.827,,
Afghanistan,−2.89,−3.64,−4.47,−7.69,−9.17,−10.2,−10,−7.44,−6.31,−4.89,−2.16,−5.22,−3.34,−1.79,−0.825,−1.6,−1.65,−3.16,−3.03,,,,,,,,,,,,,,,,,,,,,,,,,,,,,,,,,,,,,,,,,,
Angola,,,,,,,,,,,,,,,,,,,,,,,,,,,,,,,,,,,,,,,,,26.8,0.442,8.87,4.74,13.2,24.5,32.3,27.8,23.6,−4.93,19,21.4,20.1,14.7,10.1,−3.38,2.88,5.75,15.3,14.4,8.67
Albania,,,,,,,,,,,,,,,,,,,,,0.421,1.52,−4.66,−2.71,−2.04,−2.29,−0.425,−0.0997,−2.94,−2.88,−8.63,−21.1,−83.8,−48.6,−29.1,−22.3,−21.7,−25,−25.2,−17.3,−23.2,−23.8,−26.6,−25.3,−22.6,−24.8,−23.8,−26.7,−26.8,−24.6,−20.6,−22.7,−18.6,−18,−19,−17.3,−16.9,−15.1,−13.7,−13.7,−14.7
United Arab Emirates,,,,,,,,,,,,,,,,,,,,,,,,,,,,,,,,,,,,,,,,,,8.45,5.94,9.55,10.5,15.6,17.8,7.97,9.22,5.84,20.6,28.5,36.2,35.8,30.6,26.5,25.3,24.2,26.4,26,
Argentina,0,0,−4.69,0,0,2.08,1.66,2.5,1.08,0,0.866,−0.601,0.36,1.9,0.614,−0.155,3.25,2.29,2.89,0.181,−1.42,−0.451,2.57,3.32,2.83,5.46,1.84,0.297,3.32,6.48,5.73,1.6,−1.53,−2.4,−3.07,−0.411,−0.649,−2.21,−2.52,−1.73,−0.65,1.31,15,11.2,7,5.94,5.62,4.38,3.72,5.06,2.9,1.69,1.95,−0.0996,0.404,−1.07,−1.04,−2.65,−1.89,3.18,3.04
Armenia,,,,,,,,,,,,,,,,,,,,,,,,,,,,,,,−11.3,−19.4,−21.4,−13.5,−33.8,−38.3,−32.7,−38,−33.8,−29,−27.9,−21.6,−18.3,−19.1,−16.7,−15.5,−16.7,−20.6,−26,−27.9,−25.1,−24.4,−20.8,−20.8,−18.7,−12.2,−8.59,−10.8,−13.7,−13.4,−9.96
American Samoa,,,,,,,,,,,,,,,,,,,,,,,,,,,,,,,,,,,,,,,,,,,−8.59,−11.6,−21.6,−24,−29,−23.2,−20.9,−4.3,−30.9,−40,−25.5,−30.3,−41.4,−35.2,−31.3,−43.1,−35.4,−33.2,−31.7
Antigua and Barbuda,,,,,,,,,,,,,,,,,,,,,,,,,,,,,,,,,,50.9,40.5,27.2,19.4,26.6,28.3,22.1,23.8,21.8,19.5,16.9,21.5,10.3,−4.98,−10.8,−6.48,8.51,6.33,12.6,6.5,4.97,8.25,12.3,8.35,1.61,−6.01,2.36,−4.12
Australia,−1.07,−2.62,1.31,−0.827,1.17,−2.04,−2.19,−1.01,−2.18,−1.38,−0.244,−0.275,0.851,3.13,−0.0646,−0.453,0.139,−0.63,−0.964,−1.05,0.526,−1.83,−3.29,−2.03,−1.43,−2.05,−3.07,−1.6,−0.66,−1.83,−1.92,−0.132,0.272,−0.32,−0.515,−1.96,−0.453,0.274,−0.878,−2.44,−2.16,0.0861,0.00424,−2.09,−2.69,−2.71,−1.85,−1.64,−2.55,0.281,−0.923,1.03,−0.168,−1.3,−0.279,−1.49,−2.28,0.511,0.357,2.49,3.93
Austria,,,,,,,,,,,−0.0769,−0.31,−0.435,−0.618,−1.34,−0.41,−2.41,−4.37,−1.44,−1.56,−3.44,−2.4,−0.634,−1.52,−1.07,−0.241,−0.0192,−0.0413,−0.421,−0.508,−0.0935,−0.867,−1.32,−0.337,−1.67,−1.19,−1.59,−0.812,−0.225,0.454,1.33,1.7,3.69,2.75,2.94,3.21,3.6,4.39,4.42,3.35,3.5,2.79,2.8,2.82,3.27,3.75,3.83,3.16,3,3.41,2.87
Azerbaijan,,,,,,,,,,,,,,,,,,,,,,,,,,,,,,,4.64,4.45,31.6,−18.6,−5.91,−20.9,−31,−24,−31.8,−13.9,1.79,4.18,−7.28,−23.5,−23.9,10,27.7,39.6,42.3,28.5,33.6,32.3,27.7,22.2,17.1,2.99,2.78,6.69,16.5,12.3,−0.772
Burundi,−0.893,−1.72,−3.28,−6.77,2.01,−2.19,−2.22,−1.09,−3.07,−2.44,−0.932,−5.74,−3.34,−2.32,−5.78,−10.7,−2.93,0.304,−8.52,−8.56,−14.5,−12.9,−16.7,−15.7,−12,−9.76,−10.6,−16,−13.4,−13.2,−19.9,−18.6,−20.7,−17.8,−18.2,−14.4,−9.93,−4.6,−11.4,−8.39,−9.92,−10.6,−12.3,−14.6,−17.7,−22.7,−27.8,−25.2,−26.2,−22.6,−20.1,−25.4,−24.3,−28.4,−26.6,−21.1,−18.4,−19.5,−20.4,−23.6,−22.9
Belgium,,,,,,,,,,,2.19,1.95,3.06,1.92,0.516,0.308,0.293,−0.663,−0.789,−1.73,−2.82,−2.09,−1.72,0.396,0.594,1.03,2.24,1.82,2.39,2.2,1.76,1.87,2.55,3.2,3.62,3.85,3.17,3.88,3.64,3.96,2.86,3.65,5.58,5.36,4.89,4.04,4.04,4.14,0.673,2.26,1.7,−0.099,0.063,0.798,0.819,1.42,1.19,1.04,−0.241,0.655,1.41
Benin,−5.99,−4.95,−6.44,−7.8,−7.11,−7.64,−9.35,−12.1,−9.74,−9.66,−9.28,−10,−12.4,−10.3,−15.2,−18.9,−18,−18.6,−18,−19.5,−21.5,−28,−22.3,−17.8,−11.4,−13,−15.9,−15.7,−18.3,−11.3,−7.36,−9.34,−10.3,−10.5,−7.75,−9.06,−3.52,−4.36,−5.41,−8.37,−6.14,−8.52,−4.32,−4.33,−2.88,−2.13,−3.66,−5.03,−3.49,−4.85,−5.29,−5.52,−2.94,−4.06,−2.41,−7.32,−3.77,−7.07,−7.25,−4.42,−5.09
Burkina Faso,−11,−10.4,−10.2,−10.1,−8.72,−6.72,−6.6,−9,−9.08,−10.7,−10.7,−14.4,−14.9,−16.6,−16.2,−22.8,−18.8,−22.5,−20.3,−21,−22.3,−22.2,−23.4,−21.7,−17.8,−21.1,−20,−16.7,−16.1,−14.9,−13.5,−12.9,−10.7,−11.7,−10.8,−12.5,−17.1,−15.8,−15.3,−18.5,−17.4,−13.6,−13.6,−11.9,−13.7,−14.5,−13.2,−13.1,−15.1,−12.7,−8.04,−5.11,−8.04,−9.88,−4.96,−6.87,−6.06,−6.36,−4.44,−3.43,
Bangladesh,0.689,−0.918,−0.0614,−1.67,−4.09,−3.7,−2.37,−3.29,−3.28,−3.52,−4.19,−4.44,−8.06,−5.32,−6.65,−5.21,−12.9,−5.34,−9.92,−9.69,−12.4,−8.99,−10.5,−9.11,−10,−7.45,−6.65,−6.71,−6.82,−7.24,−7.15,−5.56,−4.76,−5.09,−4.86,−6.48,−6.66,−5.28,−4.37,−4.87,−4.63,−5.32,−4.15,−4.8,−4.57,−5.61,−5.41,−5.95,−7.3,−6.21,−5.75,−7.58,−7.79,−7.22,−6.53,−7.41,−4.65,−5.23,−8.64,−6.11,−6.54
Bulgaria,,,,,,,,,,,,,,,,,,,,,5.02,1.12,1.07,0.209,1.89,−0.407,−3.44,−1.84,−0.33,−1.74,−3.61,4.27,−5.83,−7.63,−0.625,9.42,11.2,12.7,6.84,−4.58,−5.31,−9.32,−7.97,−10.2,−11.2,−14.7,−17.1,−18.8,−19.7,−8.25,−3.2,0.15,−3.29,−0.569,−1.09,0.899,4.91,4.31,2.54,3.23,1.47
Bahrain,,,,,,,,,,,,,,,,,,,,,8.87,11.1,12.2,3.73,2.64,11.9,13.9,15,17.8,11,21,−10.6,−12.4,3.15,7.21,11.5,11.7,9.57,0.718,15.9,22.6,20.2,13.9,16,16.5,19.5,22.2,21.6,19.3,19,18.6,24.7,18.4,17.7,16.5,11.3,8.78,8.47,7.69,11.3,
Bahamas,,,,,,,,,,,,,,,,,,16.5,15.1,8.67,7.5,5.01,6.23,8.55,5.28,5.52,5.91,5.52,,−3.34,−1.8,−4.22,−0.968,0.573,−2.36,−5.37,−9.78,−5.97,−8.41,−2.79,−3.55,−4.36,2.07,0.557,0.428,−3.88,−10.9,−7.83,−8.44,−8.14,−8.77,−13.5,−8,−7.21,−8.25,0.552,−3.16,−7.38,−3.53,−1.28,−1.36
Bosnia and Herzegovina,,,,,,,,,,,,,,,,,,,,,,,,,,,,,,,,,,,−71,−51.1,−60.3,−45,−71.1,−66.5,−41.6,−41.9,−40.5,−39.4,−36.7,−35.7,−27.3,−29.3,−32.5,−23.7,−21.6,−23.8,−23.4,−20.4,−22.6,−18.3,−16.6,−16.2,−14.7,−14.7,−14
Belarus,,,,,,,,,,,,,,,,,,,,,,,,,,,,,,,2.31,0,2.17,−15.7,−12.8,−4.39,−4.08,−5.8,−4.86,−2.43,−3.19,−3.55,−3.75,−3.83,−6.36,0.711,−4.17,−6.27,−7.72,−10.9,−13.2,−1.04,4.47,−3.15,−0.769,0.107,−0.191,0.211,1.52,−0.661,3.12
Belize,,,,,,,,,,,,,,,,,,,,,−12.4,−19.7,−20.1,−14.6,−8.02,−11.9,−3.59,−3.31,−6.65,−10.6,−2.31,43.6,−3.2,−3.49,−2.6,−1.15,−0.262,−2.93,−4.35,−13,−20.7,−18.3,−13.7,−12.8,−8,−8.12,−0.521,−0.126,−7.37,−4.67,0.408,−1.71,0.649,−1.23,−2.95,−7.45,−8.94,−3.42,−0.298,−7.98,−13.4
Bermuda,,,,,,,,,,,,,,,,,,,,,,,,,,,,,,,,,,,,,,,,,,,,,,,,,,,27,28.8,27.2,27,25.8,26.6,25.9,24.7,25.4,24.6,27.7
Bolivia,−7.72,−6.94,−10.5,−9.36,−3.17,−5.22,−5.22,−3.52,−4.26,−2.83,0.24,−3.01,−2.91,−0.605,8.49,−6.28,−2.21,−2.87,−7.51,−3.22,1.8,0.694,−0.279,4.3,−2.17,−3.79,−4.38,−4.39,−4.37,−0.658,−1.15,−5.49,−9.02,−9.31,−5.53,−4.64,−4.69,−8.25,−12.9,−10.4,−9.05,−5.28,−6.08,−0.766,4.81,3.45,9.01,7.53,6.95,2.82,6.86,5.7,9.38,6.95,1.32,−6.2,−7.43,−6.9,−5.13,−6.46,−4.94
Brazil,−0.0519,−0.053,−1.37,−0.0737,0.716,2.11,0.797,0,−0.609,0.0672,−0.42,−1.74,−1.59,−1.17,−5.62,−3.8,−2.39,−0.665,−1.19,−2.09,−2.23,−0.387,−0.69,2.59,6.24,5.45,2.57,3.39,5.57,3.47,1.24,0.763,2.48,1.41,0.351,−1.93,−2.18,−2.61,−2.38,−1.85,−2.26,−2.19,0.843,2.22,3.41,3.4,2.71,1.36,−0.19,−0.403,−1.04,−0.769,−1.36,−2.3,−2.66,−1.15,0.4,0.718,0.394,−0.245,1.39
Barbados,,,,,,,,,,,,,,,,−10,−18.3,−11.5,−10.3,−10.7,−1.63,−7.89,−2.24,0.973,4.03,6.53,0.167,0.0613,2.89,1.45,−0.242,−0.854,6.75,4.49,7.09,1.83,2.57,−2.77,−3.26,−4.82,−4.11,−4.42,−5.5,−4.18,−8.67,−7.99,−6.36,−2.02,−5.05,−2.22,−2.99,−4.53,−4.55,−3.92,−4.7,−1.65,0.998,1.47,1.58,0.325,
Brunei,,,,,,,,,,,,,,,72.7,66.6,75.4,78.5,80.5,80.9,81.7,79.4,72.1,69.3,,,,,,26.6,24.5,26.5,9.96,3,2.67,3.89,−0.707,−1.31,−6.93,7.41,31.5,30.3,25.5,33.3,37,42.9,46.5,40,50.7,37,39.4,39.5,34.7,25.1,33.9,14.5,11.8,14,9.97,7.38,4.42
Bhutan,,,,,,,,,,,,,,,,,,,,,−25.4,−34.3,−35.8,−35.6,−34,−38.1,−36.6,−15.2,−21.9,−10.3,−5.29,−9.05,−25,−13,−10.3,−5.07,−10.6,−10.6,−16.9,−20.6,−19.6,−22.2,−26.2,−26.1,−32.1,−26.9,−4.88,−2.38,−9.4,−17.9,−29,−30,−24.9,−22.3,−21.4,−29,−24.2,−21,−22.6,−14.3,−16.7
Botswana,−13.4,−15.3,−16.9,−18.4,−19.8,−18.9,−21.7,−26.2,−39.9,−29.8,−36.3,−28.4,−23.2,−23.1,−23.9,−20.2,−15.9,−18.4,−16.5,−11.1,−13.4,−21.8,−14.7,−0.482,2.85,15.1,19.2,26.7,26.6,13.1,5.26,6.5,6.61,7.98,7.46,7.08,16.7,13.2,−3.26,11.5,11.7,9.79,12.5,11.8,8.23,17.3,18.2,13.9,−5.37,−17.1,−7.63,−3.64,−12.2,0.492,3.03,−6.7,8.76,3.92,1.01,−8.99,−15
Central African Republic,−10.9,−9.27,−13.1,−13.2,−12.4,−10.6,−14.2,−20.6,−5.32,−10.3,−9.62,−7.62,−8.88,−7.87,−15.6,−18.8,−7.14,−9.12,−10.5,−12.7,−15.9,−9.68,−12,−12.5,−12.1,−9.63,−10.4,−10.7,−7.31,−6.16,−8.81,−8.54,−9.5,−5.79,−1.62,−6.03,−4.14,−2.05,−5.74,−4.77,−4.92,−5.42,−4.18,0.241,−5.25,−8.35,−7.76,−9.35,−12.4,−11.8,−11.2,−8.22,−9.96,−8.45,−19.7,−19,−20.9,−22.6,−28.1,−19.4,−19.4
Canada,,−0.646,−0.368,0.533,0.971,−0.311,−0.184,0.757,0.921,−0.198,2.2,1.31,0.581,1.09,−0.0975,−1.94,−0.903,−0.355,0.218,0.42,1.7,0.669,3.78,3.15,3.41,2.26,0.914,1.15,0.743,0.0262,0.155,−0.519,−0.341,0.0345,1.18,3.14,3.95,1.93,1.98,3.61,5.65,5.74,4.41,3.89,4.46,3.95,2.75,2.18,1.77,−1.44,−1.87,−1.14,−1.89,−1.57,−0.906,−2.46,−2.36,−2.19,−1.89,−1.6,−2.06
Switzerland,,,,,,,,,,,,,,,,,,,,,−2.06,0.698,0.69,−0.894,2.94,2.7,0.949,1.45,1.43,1.41,0.422,1.6,2.76,4.1,4.15,3.98,3.51,4.79,4.1,4.2,5.46,4.97,6.1,5.97,8.2,6.65,8.1,10.9,10.6,7.52,10.9,8.7,10.7,11.9,11.3,11.7,11.6,10.9,12.3,11.8,8.79
Chile,−2.78,−4.12,−1.45,−2.47,−0.978,0.624,0.936,1.14,0.601,2.02,0.387,−1.2,−3.6,−2.09,0.229,−2.46,3.63,−2.29,−3.84,−3.42,−4.78,−10.7,−2.64,2.03,−1.66,1.92,2.59,2.49,6.49,4.43,3.24,4.51,1.67,−1.85,1.71,2.29,−1.48,−2.01,−3.28,2.19,1.75,1.65,2.21,5,9.87,8.7,14.5,13.7,2.06,7.74,6.43,3.32,−0.0281,−0.575,0.949,−0.22,0.609,1.22,−0.307,−0.828,5.25
China,−0.122,0.381,1.14,1.15,0.905,0.45,0.259,0.301,0.384,0.642,0.0307,0.655,0.74,0.483,−0.474,−0.145,0.184,0.212,−0.538,−0.761,−0.602,−0.00203,2.35,1.11,0.0208,−4.04,−2.46,0.107,−1.3,−1.42,2.96,3.03,1.17,−2.65,1.3,1.63,2.03,4.45,4.26,2.8,2.38,2.1,2.54,2.16,2.62,5.45,7.59,8.68,7.59,4.31,3.65,2.4,2.72,2.45,2.11,3.24,2.27,1.75,0.658,0.93,2.49
Cote d'Ivoire,11.3,7.19,8.65,10.4,11.2,6.7,7.71,7.43,12.7,9.69,6.66,3.78,4.51,2.52,7.32,0.144,5.49,6.3,−0.914,−3.06,−6.18,−7.11,−2.9,1.24,13.5,14.4,9.31,3.81,2.6,2.98,4.58,3.03,3.79,3.54,11.2,7.32,3.31,2.32,0.715,1.58,0.616,1.83,6.82,4.22,2.16,0.937,1.99,−0.449,0.0867,4.15,−0.474,5.85,−0.336,−0.0319,2.63,2,1.67,1.3,−0.786,1.15,1.09
Cameroon,,,,,,−0.501,−2.58,−1.95,−2.51,0.524,1.54,−4.14,−5.69,−3.3,2.64,−2.86,−4.72,−2.75,−4.47,−7.16,0.753,−6.55,4.3,1.09,2.49,1.87,0.557,−3.93,0.0713,2.94,2.87,5.36,2.23,6.62,6,6.55,3.41,4.83,1.66,1.62,1.79,−1.05,−2.51,−1.37,−0.743,−0.507,1.25,0.742,−2.91,−3.01,−2.5,−3.06,−2.28,−2.4,−3.61,−3.56,−2.74,−2.5,−3.12,−3.68,−3.19
"Congo, Dem. Rep.",,,,,,,,,,,,,,,,,,,,,,,,,,,,,,,,,,,2.73,4.76,−0.311,3.75,−3.1,6.09,−4.12,−1.07,2.03,−6.03,−3.88,−6.43,−4.56,−2,−5.72,−9.32,−8.53,−6.17,−6.75,−4.57,−5.03,−6.09,−6.07,−3.7,−3.59,−3.7,−1.28
"Congo, Rep.",−65.2,−64.2,−32.5,−21.4,−18.3,−17.1,−21.2,−25.3,−26.8,−24.8,−23,−20.1,−23.5,−11.8,−6.25,−27.9,−26.2,−19.7,−17.3,−1.22,−0.111,−18.1,−13.2,6.18,16,0.783,−13.8,3.11,0.197,13.7,32.7,13.6,24.2,11.5,−15.7,1.1,8.51,15.4,3.65,13.2,36.7,24.1,27.6,4.76,29.7,30.5,29.3,−11.6,13.7,−6.59,13,22.6,18.7,12.9,2.07,−37.2,−40.8,2.9,22,20.6,−1.6
Colombia,0.937,−0.838,−0.00381,−0.368,−0.694,2.43,−4.37,0.871,−1.04,−0.47,−1.28,−4.05,0.457,2.26,−1.09,1.81,3.15,3.67,2.83,1.77,0.621,−3.57,−4.28,−2.78,−0.579,1.28,6.84,4.03,2.43,4.18,2.95,4.66,−0.574,−5.81,−5.92,−6.43,−5.65,−5.91,−5.89,0.544,−0.837,−3.13,−3.35,−3.37,−2.32,−3.48,−4.18,−4.23,−2.95,−2.31,−1.58,−0.917,−1.21,−1.81,−4.22,−7.06,−6.77,−4.99,−4.74,−5.82,−6.61
Comoros,,,,,,,,,,,,,,,,,,,,,−18.1,−18.1,−18.1,−18.1,−18.1,−18.1,−18.1,−18.1,−18.1,−18.1,−18.1,−18.1,−18.1,−18.1,−18.1,−18.1,−18.1,−18.1,−18.1,−18.1,−18.1,−18.1,−18.1,−18.1,−18.1,−18.1,−18.1,−15.2,−19.8,−19.3,−20.3,−20.1,−22.9,−21.1,−19.9,−17.5,−15.8,−16.4,−17.2,−16.7,−22.3
Cape Verde,,,,,,,,,,,,,,,,,,,,,−49.9,−49.2,−56.3,−53.2,−54.9,−56.5,−57.8,−47.6,−42.8,−43,−51.7,−47.8,−49.4,−33.8,−41.5,−43.2,−35.1,−31.1,−36.3,−39,−33.5,−32.5,−36,−36,−37.6,−28.8,−27.6,−30.2,−26.2,−25.9,−29.1,−28.8,−19.4,−14.4,−20.3,−14.3,−15.7,−21.5,−19,−14.6,−35
Costa Rica,−4.89,−4.2,−3.33,−5.04,−4.15,−10.6,−5.99,−6.34,−4.69,−5.36,−6.74,−10.3,−6.38,−6.07,−15,−8.49,−6,−5.47,−7.85,−10.3,−10.3,−4.91,2.92,−0.746,0.41,−1.75,0.846,−4.13,−1.79,−3.88,−6.9,−4.63,−5.53,−7.28,−6.23,−3.52,−4.03,−4.4,−4.11,−2.42,−0.664,0.164,−1.96,−1.98,−0.841,−2.29,−3.19,−5.29,−8.79,−0.495,−1.85,−3.69,−3.75,−2.88,−2.47,−0.762,0.342,0.453,0.532,1.87,1.69
Cuba,,,,,,,,,,,−11.6,−11.6,−11.6,−11.6,−11.6,−11.6,−11.6,−11.6,−11.5,−11.6,−11.5,−11.6,−11.5,−11.4,−11.8,−11.3,−12,−11,−11.1,−13.6,−10.6,−7.13,−1.31,−2.53,−1.3,−2.51,−2,−2.91,−4,−2.79,−2.82,−2.89,−1.68,−0.683,0.732,2.67,0.239,2.71,−3.78,2.01,4.85,3.25,5.16,3.88,4.89,2.68,2.7,2.88,1.96,1.61,0.654
Cayman Islands,,,,,,,,,,,,,,,,,,,,,,,,,,,,,,,,,,,,,,,,,,,,,,,,,,,,,,,,,,30.6,26.1,24.1,14
Cyprus,,,,,,,,,,,,,,,,−21.2,−12.9,−19.9,−20.6,−19.1,−17.8,−13.1,−13.3,−13.6,−12.4,−10.1,−3.39,−2.98,−5.43,−8.41,−5.61,−10,−11.2,−0.434,−0.397,−0.864,−0.434,−1.39,2.49,2.64,2.43,4.57,1.17,1.52,−0.124,−0.533,−2.93,−4.76,−12.8,−5.35,−8.34,−3.83,−1.91,1.58,0.939,2.62,1.7,−0.483,1.3,0.213,−2.53
Czech Republic,,,,,,,,,,,,,,,,,,,,,,,,,,,,,,,2.35,5.58,1.21,1.13,−1.14,−3.07,−4.83,−4.14,−0.313,−0.479,−1.86,−1.3,−1.33,−1.52,0.627,2.33,2.72,2.42,2.16,3.89,3.06,3.78,4.76,5.69,6.33,5.94,7.63,7.52,5.94,5.99,6.83
Germany,,,,,,,,,,,−1.45,−1.72,−1.63,−0.993,−0.479,−1.69,−2.23,−2.14,−1.91,−3.58,−4.61,−3.91,−2.65,−2.99,−2.79,−2.04,−0.37,−0.323,−0.346,−0.617,−0.192,−0.488,−0.501,0.0502,0.164,0.407,0.714,1.08,1.23,0.553,0.169,1.63,4.25,3.77,5.2,5.2,5.42,6.77,6.07,5.01,5.26,4.91,6.1,5.76,6.62,7.6,7.38,7.09,6.17,5.65,5.73
Djibouti,,,,,,,,,,,,,,,,,,,,,,,,,,,,,,,,,,,,,,,,,,,,,,,,,,,,,,−34.9,17.4,18.8,−8.75,−8.67,10.1,8.99,13.1
Dominica,,,,,,,,,,,,,,,,,,,,,,,,,,,,,,,,,,,,,,,,,,,,,,,,,,−23.8,−18,−15.3,−18.8,−10.1,−12.7,−13.1,−12.5,−20.9,−48.9,,
Denmark,,,,,,,−1.57,−2.07,−1.38,−2.08,−2.83,−2.03,−0.408,−1.89,−3.35,−0.96,−4.53,−3.57,−2.22,−2.38,−0.45,1.41,0.909,2.21,1.68,0.775,−0.199,2.05,3.48,3.8,5.56,6.22,6.91,7.53,5.92,4.71,5.66,4.36,3.07,6,6.71,7.14,6.85,6.8,5.65,5.5,4.09,2.9,3.52,4.5,6.95,6.39,6.02,6.61,6.96,6.79,6.68,7.18,6.14,7.39,6.45
Dominican Republic,6.78,6.91,−0.316,−5.25,−8.34,−3.96,−8.99,−6.93,−8.15,−7.63,−9.98,−9.7,−3.37,−4.41,−9.35,−3.36,−6.88,−7.2,−10.8,−9.74,−13.7,−7.39,−8.2,−7.38,−8.28,−4.67,−3.55,−7.01,−2.39,−8.13,−7.98,−2.94,−6.86,−5.22,−4.74,−3.44,−2.87,−3.79,−7.29,−6.34,−8.3,−6.73,−7.28,−0.144,0.944,−4.99,−7.32,−8.42,−13.6,−8.55,−10.6,−10.6,−9.22,−6.35,−5.19,−4.65,−3.77,−2.86,−4.95,−4.87,−7.7
Algeria,−28.1,−21.3,−1.02,−12.1,−4.36,−3.23,1.33,1.8,−1.05,−4.28,−7.08,−9.22,−5.28,−6.09,3.26,−9.28,−4.06,−11.2,−14.6,−1.72,4,3.71,1.93,2.14,−1.76,−3.16,−10.3,−4.14,−7.1,−9.87,−1.49,5.52,1.45,−1.36,−3.52,−2.8,5.82,9.57,0.0623,5.37,21.3,14.7,9.87,14.4,14.4,23.1,26.9,22.2,19.3,−0.581,7.02,10.1,8.38,2.81,−1.44,−13.4,−14.2,−10.1,−6.34,−6.41,−9.84
Ecuador,−0.817,−1.19,−0.553,−0.724,−1.24,−1.31,−0.629,−1.92,−2.88,−3.6,−3.57,−6.11,−3.14,1.22,3.9,−3.26,−1.94,−1.84,−3.83,−0.263,−0.729,−0.68,−3.1,0.243,1.69,3.65,−1.85,−7,−4.65,−4.55,0.934,2.15,3.46,−3.1,−3.22,−3.34,0.331,−1.95,−7.61,3.55,4.79,−4.3,−6.39,−2.04,−1.56,−0.863,0.956,1.28,0.27,−1.61,−4.51,−2.25,−1.42,−2.33,−1.6,−2.73,0.488,−0.756,−1.15,0.0199,1.78
Egypt,−1.96,−2.1,−4.47,−5.83,−6.48,−3,−4.15,−2.29,−5.66,−3.08,−3.53,−4.54,−4.66,−4.63,−10.9,−17.4,−10.8,−9.78,−14,−16.5,−12.4,−12.5,−11.5,−11.3,−11.4,−9.65,−8.39,−10.1,−17.9,−14.5,−12.2,−7.91,−2.52,−4.25,−5.49,−5.15,−5.45,−6.05,−9.5,−8.26,−6.62,−4.85,−4.35,−2.59,−1.36,−2.27,−1.62,−4.58,−5.59,−6.64,−5.24,−4.12,−7.92,−6.34,−8.43,−8.48,−9.56,−13.5,−10.5,−8.24,−7.55
Eritrea,,,,,,,,,,,,,,,,,,,,,,,,,,,,,,,,,−33.5,−40.9,−54.8,−60.5,−58.1,−56.2,−65.3,−77.2,−48.5,−50.4,−53,−61.1,−54,−48.8,−31.5,−23,−21.7,−18.9,−24.7,−11.1,,,,,,,,,
Spain,,,,,,,,,,,−1.56,0.132,−0.503,−1.46,−5.33,−4.33,−4.94,−2.66,0.0339,−0.428,−2.98,−2.81,−2.57,−1.62,1.06,0.863,1.05,−0.87,−2.11,−4.18,−4.16,−3.96,−3.6,−1.53,−1.02,−1.12,−0.18,0.173,−0.458,−1.93,−2.96,−2.27,−1.99,−2.21,−3.7,−4.8,−5.69,−5.78,−4.74,−0.871,−1.02,0.277,2.07,3.93,3.1,3.04,3.99,3.61,2.72,2.93,1.47
Estonia,,,,,,,,,,,,,,,,,,,,,,,,,,,,,,,,,,,,−7.28,−10.4,−10.3,−9.57,−4.38,−3.24,−3.95,−7.41,−8.45,−7.82,−5.07,−10.1,−8.79,−3.9,4.96,6.42,5.82,1.66,2.68,3.49,3.93,3.61,4.06,2.6,4.16,0.482
Ethiopia,,,,,,,,,,,,,,,,,,,,,,,,,,,,,,,,,,,,,,,,,,,,,,,,,,,,−14.9,−17.9,−16.5,−17.5,−20.9,−19.3,−15.8,−14.5,−12.9,−9.84
Finland,,,,,,,,,,,−1.68,−2.31,−0.484,−1.3,−3.85,−6.07,−2.17,1.31,3.09,1.04,−1.3,0.977,0.173,−0.0105,2.37,0.67,1.31,0.518,−0.347,−1.83,−1.55,−0.949,0.847,4.6,5.64,7.46,6.92,7.33,7.91,8.97,9.17,9.25,8.97,6.59,6.27,3.97,4.16,4.79,3.62,2.04,1.36,−0.779,−1.55,−1.06,−1.15,−0.569,−1.28,0.046,−1.25,0.156,0.337
Fiji,,,,,,,,,,,,,,,,,,,,,−3.39,−14.4,−6.4,−5.43,−1.07,−0.38,2.19,3.25,5.05,2.31,−4.81,−3.19,−3,−7.07,−3.03,−3.55,4,2.6,2.51,−0.399,−5.12,−8.09,−2.45,−8.44,−16.7,−9.61,−17.9,−13.2,−20.7,−12.8,−6.36,−5.91,−3.06,−12.6,−6.14,−3.52,−3.88,−4.96,−7.61,−10.3,−16.2
France,2.43,2.15,1.21,0.696,0.184,1.18,0.604,0.372,0.167,−0.399,0.543,0.954,0.776,0.643,−1.1,0.975,−0.93,−0.169,1.05,0.398,−1.54,−1.47,−2.45,−0.267,0.129,−0.368,−0.121,−1.1,−0.659,−0.685,−0.785,−0.314,0.67,1.68,1.49,1.6,1.78,3.01,2.75,2.39,1.33,1.57,1.99,1.43,1.01,0.0854,−0.233,−0.714,−1.16,−0.791,−1.29,−1.95,−1.3,−1.03,−1.15,−0.566,−0.605,−1.06,−1.01,−0.957,−2.02
Faeroe Islands,,,,,,,,,,,,,,,,,,,,,,,,,,,,,,,,,,,,,,,2.39,−3.08,−7.89,−1.28,−1.02,−13.5,−3.83,−10,−10.1,−16.5,−8.71,−6.34,−2.99,−3.29,−10.3,−3.46,−0.0156,0.819,8.05,7.52,1.74,6.14,
"Micronesia, Fed. Sts.",,,,,,,,,,,,,,,,,,,,,,,,−80.9,,,,,,,,,,,,−55.1,−65.3,−70.1,−63.7,−61.8,−54.6,−57.2,−53.6,−57.3,−62.7,−59.1,−59.2,−53.7,−62.6,−65,−58.4,−57.5,−51.6,−52.5,−42.2,−51.2,−45.3,−41.1,−29.9,−42.4,−41.3
Gabon,1.54,−0.451,0.946,1.71,5.94,5.95,0.166,0,−0.823,0.605,11.7,14,0.83,1.18,14.3,1.62,−0.515,0.333,14.8,21.1,33.1,22.7,21.9,17.8,18.9,5.29,−19.5,−2.52,−5.06,4.6,15.2,14,12.3,14.2,23.4,23.6,29.7,24.1,−1.16,21.5,36.4,24.9,20.5,23.6,28.3,36.1,32.5,31.9,35.4,20.8,26.2,33,29.6,24.1,15.5,18.1,17.9,25.4,31.6,29.4,24.9
United Kingdom,,,,,,,,,,,0.852,1.37,−0.0849,−2.3,−4.8,−1.67,−1.08,0.741,1.35,0.404,2.22,2.86,1.94,1,−0.0169,1.15,−0.561,−0.896,−3.23,−3.61,−1.81,−0.343,−0.68,−0.325,0.017,0.315,0.219,0.316,−0.769,−1.43,−1.65,−2.09,−2.63,−2.23,−2.54,−2.35,−2.06,−2.04,−2.06,−1.47,−1.87,−1,−1.23,−1.31,−1.76,−1.55,−1.64,−1.26,−1.3,−0.917,0.133
Georgia,,,,,,,,,,,,,,,,,,,,,,,,,,,,0.704,−4.11,−2.78,−5.33,−3.65,−30.6,−24.9,−51.4,−16.8,−19,−26.5,−20.6,−19,−16.7,−14.4,−13.2,−14.7,−16.8,−18,−24.2,−26.8,−29.8,−19.1,−17,−18.2,−18.9,−12.2,−16.9,−17,−15.2,−11,−10.6,−8.96,−19.3
Ghana,−7.25,−10.3,−4.26,−6.27,−3.96,−9.62,−5.01,−2.53,−0.471,−0.6,−1.37,−4.48,5.51,5.06,−3.48,0.927,−0.337,−1.05,−1.33,0.0709,−0.688,−0.567,0.356,−0.433,−2.73,−2.93,−3.56,−6.52,−5.88,−7.6,−8.97,−8.56,−11.5,−16.2,−11.5,−8.43,−7.98,−20.6,−12.9,−17.5,−18.4,−19.6,−12.3,−15.9,−21.1,−25.3,−15.5,−16.3,−19.5,−13,−16.4,−12.4,−12.4,−9.88,−7.37,−8.86,−5.49,−2.79,−1.05,−1.93,−3.6
Guinea,,,,,,,,,,,,,,,,,,,,,,,,,,,3.02,0.928,−4.2,1.31,−2.37,−0.255,−1.2,−1.57,−3.11,−3.41,−5.15,−3.29,−5.64,−4.39,−4.43,−1.44,−2.49,0.771,−1.19,−0.325,−21.7,−24,−20.9,−24.8,−12.9,−20.8,−20.4,−27.5,−23.4,−29.4,−53.1,−11.9,−8.57,−12.3,16.1
Gambia,,,,,,,−7.41,−6.67,−11,−10.7,−3.12,−4.81,−6.98,−7.28,−4.74,1.09,−5.3,−10.8,−26.2,−28.3,−20.9,−22.8,−15.3,−12,−13.7,−10.1,−9.47,−9.87,−8.09,−10.2,−11.7,−5.23,−6.26,−8.25,−7.44,−11.7,−7.36,−2.45,−3.26,−3.62,−4.76,−3.29,−5.33,−6.67,−8.74,−10.2,−8.31,−8.23,−10.1,−10.3,−11.7,−8.92,−8.02,−7.5,−14.6,−13.7,−14.2,−19.7,−19.7,−15.6,−28.9
Guinea-Bissau,,,,,,,,,,,−26.2,−30.2,−31.3,−34.7,−34.2,−20.8,−22.7,−23.3,−28.3,−34.3,−29.2,−24.5,−33.4,−26.2,−37.9,−48,−26.6,−27.6,−38.7,−37.3,−27.1,−27.8,−45.2,−23.8,−17.9,−23.5,−21.3,−18.9,−21.4,−18,−11.4,−5.63,−5.52,−5.91,−7.93,−9.02,−14.8,−13.8,−12.9,−16.4,−20.3,−5.27,−10.2,−7.57,−11.2,−4.7,−4.8,−5.3,−5.47,−14.8,−14.9
Equatorial Guinea,,,,,,,,,,,,,,,,,,,,,,,,,,,,,,,,,,,,,,,,,,,,,,43.8,46.1,43.2,49.8,26.5,26.8,35.8,27.1,28.4,27.5,14.4,10.2,15.3,15.6,11.1,−3.13
Greece,−4.67,−4.64,−6.41,−6.2,−9.07,−9.37,−6.27,−6.23,−7.66,−7.9,−7.34,−7.01,−7.06,−8.46,−7.05,−7.04,−6.78,−6.7,−5.83,−5.18,−5.94,−4.36,−7.43,−8.22,−7.3,−8.12,−7.26,−6.07,−6.98,−8.89,−10.6,−10.2,−9.06,−8.93,−7.27,−8.26,−8.92,−6.83,−9.68,−8.87,−11,−10.6,−10.1,−11.1,−8.48,−8.28,−10.5,−12.5,−12.6,−9.78,−7.6,−5.85,−4.58,−2.46,−1.56,−1.02,−1.44,−1.51,−2.16,−1.73,−7.61
Greenland,,,,,,,,,,,,,,,,,,,,,,,,,,,,,,,,,,,,,,,,,,,,−11.7,−9.58,−17.6,−14.1,−22.6,−33.4,−24.3,−42.4,−54.6,−26,−20.5,−10.1,−7.94,−4.31,−2.82,−1.02,−12.3,
Guatemala,−1.9,−1.54,−1.64,−1.65,−2.7,−2.82,−0.194,−3.3,−1.68,0.373,0.793,−1.41,0.371,0.677,−3.26,−1.81,−6.01,−1.8,−5.79,−4.5,−2.73,−6.51,−3.9,−1.56,−2.15,−1.04,1.46,−6.45,−5.83,−5.17,−3.81,−3.62,−9.23,−8.37,−7.33,−6.17,−4.77,−5.64,−8.08,−8.35,−8.76,−13.3,−13.7,−14.6,−15.4,−16.2,−17.2,−17,−14.9,−9.31,−10.7,−10.9,−11.4,−12.7,−11.6,−10.2,−8.87,−9.08,−10.7,−10.3,−8.05
Guam,,,,,,,,,,,,,,,,,,,,,,,,,,,,,,,,,,,,,,,,,,,−26.3,−28.7,−24.3,−21.1,−25.3,−33.8,−36.5,−37.3,−37.8,−40.5,−38.6,−40.5,−40.7,−35.2,−32.5,−31.3,−34.4,−33.7,−51.4
Guyana,−8.22,−0.91,11.8,16.8,3.59,−2.4,−5.17,−2.35,3.09,3.81,−0.541,3.72,−1.3,−16.7,1.93,−0.0253,−24.9,−15.6,−0.0158,−9.42,−12.4,−23.4,−17.3,−18.7,−7.2,−13.8,−6.91,−11.2,−4.3,−7.19,−17.2,−18,−23.5,−16.7,−12.2,−10.9,−6.09,−9.82,−12,−8.04,−14.6,−13.8,−12.1,−9.81,−9.6,−25.1,,,,,,,,,,,,,,,
"Hong Kong, China",,−7.59,−8.31,−7.12,−7.66,−3.44,−3.54,4.65,5.38,8.82,7.7,4.2,7.94,6.31,4.79,5.59,10.7,6.53,1.01,1.29,−0.517,−1.52,0.564,1.81,8,10,9.1,10.4,8.93,11.5,8.54,6.8,5.2,6.75,1.16,−4.48,−1.48,−3.36,0.536,5.16,4.41,4.69,8.16,9.1,8.71,12.2,11.2,10.7,10.2,7.87,5.87,3.85,1.13,0.6,0.205,2.39,2.28,1.01,−0.214,1.55,1.82
Honduras,−1.64,0.393,0.413,−2.63,−2.28,0.452,−1.45,−2.02,−1.21,−2.89,−6.2,−0.821,1.06,−0.877,−11.9,−8.99,−4.45,−4.43,−8.85,−8.79,−12.1,−11.4,−5.33,−7.16,−10.5,−8.88,−5.61,−6.31,−6.56,−7.78,−7.58,−6.95,−9.44,−10.8,−11.3,−5.58,−5.93,−4.84,−6.46,−14.3,−12.4,−13.2,−12.5,−14.1,−18.6,−18.5,−21,−28.1,−33.1,−17.8,−17.9,−19.7,−19.4,−20.4,−17.8,−16.9,−14.4,−15.6,−20.6,−18.2,−15.3
Croatia,,,,,,,,,,,,,,,,,,,,,,,,,,,,,,,,,,,,−8.16,−6.42,−12.8,−6.7,−5.98,−4.5,−5.19,−9.42,−10.4,−8.53,−8.71,−8.47,−8.36,−10.2,−5.57,−1.67,−1.7,−1.6,−2,−0.377,0.217,1.13,0.62,−0.832,−0.309,−6.76
Haiti,,,,,,,,,,,,,,,,,,,,,,,,,,,,,−16.2,−14.5,−22.6,−19.2,−17.4,−27.1,−18.3,−19.6,−17.6,−16,−16.7,−17.5,−12.7,−13.8,−13.7,−19.6,−17.3,−17.4,−19.3,−16.9,−18.5,−15.3,−27.6,−22.1,−20.9,−19.3,−20.4,−18.5,−22,−23.6,−25.6,−25.7,−22.1
Hungary,,,,,,,,,,,,,,,,,,,,,,,,,,,,,,,,−0.825,−0.212,−7.18,−5.66,−0.00774,0.473,0.962,−1.57,−2.74,−3.69,−1.29,−2.05,−3.94,−4.32,−2.78,−1.45,0.141,0.0365,3.45,4.75,5.72,6.11,6.47,5.85,7.73,8.4,6.61,4.25,2.32,1.7
Indonesia,−1.03,−2.55,−0.225,−0.28,−0.813,−0.46,−9.34,−8.09,−4.71,−5.81,−2.99,−2.22,−2.38,0.573,7.58,0.574,1.34,3.41,1.02,6.48,8.29,2.08,−3.92,−1.07,4.52,2.84,−0.0183,2.18,2.83,3.09,1.72,1.86,3.19,2.99,1.15,−1.33,−0.616,−0.275,9.75,8.08,10.5,8.27,6.3,7.34,4.67,4.15,5.41,4.04,1.06,2.81,1.9,2.47,−0.394,−0.79,−0.748,0.383,0.757,0.999,−1.07,−0.556,1.15
India,−2.37,−1.65,−1.86,−1.63,−1.96,−1.9,−2.53,−1.91,−0.904,−0.317,−0.0961,−0.335,0.319,−0.515,−1.19,−1,0.572,0.118,−0.273,−1.42,−3.11,−2.64,−2.16,−2.02,−1.44,−2.39,−1.83,−1.38,−1.42,−1.14,−1.4,0.00075,−0.747,0.0169,−0.302,−1.18,−1.16,−1.24,−1.66,−1.91,−0.906,−0.876,−0.98,−0.697,−1.79,−2.79,−3.19,−4.09,−5.17,−5.47,−4.45,−6.54,−6.72,−2.98,−2.99,−2.3,−1.77,−3.16,−3.72,−2.53,−0.545
Ireland,,,,,,,,,,,−8.24,−7.56,−5.76,−7.2,−14.5,−6.6,−8.42,−9.57,−10.3,−16.3,−13.6,−14.2,−7.9,−3.83,−1.69,0.314,1.07,4.14,5.97,5.39,4.38,4.72,7.27,10.1,9.43,10.9,10.9,12,10.9,13,13.8,15.6,17.2,15.1,14.4,10.9,8.05,8.28,8.63,13.5,16.7,18.7,17.4,18.8,18,28.8,15.7,22.1,28.6,3.52,22.3
Iran,−3.54,−2.13,0.819,2.87,0.0679,−0.325,−1.32,−2.36,−3.03,−3.02,−2.74,1.78,1.44,12.8,23.3,5.36,8.97,1.7,1.25,10.7,−15,−15.6,−3.88,−9.66,−5.31,−5.41,−6.68,0.43,−7.01,−8.28,−10.5,−16.5,−14.1,4.78,15,8.21,5.17,1.91,−3.86,3.7,1.68,−1.93,0.655,−1.42,−0.78,6.22,6.57,7.8,4.92,1.72,5.03,8.07,0.885,3.43,1.68,0.469,1.59,1.1,1.41,−5.64,−5.76
Iraq,,,,,,,,,,,17.1,20.7,15.4,21.7,29.5,9.76,21.5,15.4,25,31.3,31.9,−30.7,−40.1,−8.31,−4,−4.67,−9.94,−2.91,−3.12,−0.905,0.27,−1.21,−0.756,−0.394,−0.0284,−0.0103,−0.00856,21.5,23.6,17,26.1,3.77,21.4,0.551,−7.69,−7.05,12.4,17.7,19.6,0.113,5.34,16.7,15.4,11.9,8.9,−0.563,1.63,8.05,15.8,7.07,
Iceland,,,,,,,,,,,1.56,−6.47,−1.88,−2.12,−9.69,−8.36,0.266,−0.866,2.82,1.03,−0.103,−1.56,−4.76,2.01,−0.16,0.0445,3.69,−1.14,−0.984,2.12,1.18,−1.32,−0.179,3.02,4.97,3.45,0.493,0.463,−4.35,−4.52,−6.88,−0.853,1.6,−2.95,−5.61,−11.7,−16.7,−8.99,−2.09,8.04,9.85,7.68,5.77,7.71,6.37,7.49,6.64,4.49,3.32,4.53,−0.734
Israel,,,,,,,,,,,,,,,,,,,,,,,,,,,,,,,,,,,,−7.77,−7.15,−4.69,−2.6,−2.54,−0.0948,−2.39,−2.91,−0.756,0.0759,−0.114,0.148,−0.92,−0.635,2.49,1.87,−0.223,−0.0618,1.83,1.56,3.13,1.83,1.9,0.834,2.19,4.65
Italy,,,,,,,,,,,0.228,0.764,0.804,−1.85,−3.75,0.0641,−1.1,0.95,2.09,1.06,−2.6,−1.95,−1.27,0.476,−0.426,−0.412,1.24,0.405,0.0449,−0.0194,0.197,0.194,0.0447,3.04,3.29,3.66,4.53,3.71,3.03,1.78,0.85,1.26,0.757,0.456,0.589,−0.0988,−0.821,−0.339,−0.767,−0.62,−1.86,−1.4,1.1,2.4,2.9,3.01,3.29,2.86,2.4,3.31,3.69
Jamaica,−4.81,−1.7,−1.91,0.128,−5.52,−3.59,1.58,−0.758,−5.24,−6.7,−4.19,−7.12,−8.29,−9.58,−10.2,−10.3,−8.85,1.38,3.22,−0.825,0.0272,−8.62,−10.6,−7.33,−6.03,−9.83,2.96,0.334,−4.16,−8.79,−3.81,−1.18,−0.945,5.33,−0.288,−5.1,−7.22,−7.81,−7.61,−6.16,−11.9,−13.7,−16.3,−14.9,−14.2,−19.9,−20.5,−21.8,−29.7,−17.9,−18.2,−23.1,−21.7,−22.1,−22.2,−16.3,−12.8,−14.2,−12.9,−14,−14.2
Jordan,,,,,,,,,,,,,,,,,−47.4,−49.8,−46.4,−52,−44.9,−54.9,−53.7,−45.5,−40.5,−36.6,−25.2,−24.6,−21.2,−18.3,−29.8,−22.5,−31.2,−29.8,−22.6,−21.1,−25.3,−22.2,−19.5,−17.9,−26.7,−25,−19.2,−21,−30.2,−41.5,−34,−37.5,−28.8,−22,−20.2,−25.6,−27.4,−28.9,−25.7,−22.3,−19.9,−21.1,−18.2,−13,−17.9
Japan,,,,,,,,,,,1.15,2.54,2.15,−0.0535,−0.827,−0.0607,0.667,1.48,1.59,−0.965,−0.974,0.613,0.548,1.53,2.45,3.19,3.67,2.77,1.96,1.35,0.777,1.5,2.05,2.14,1.87,1.24,0.378,0.984,1.74,1.49,1.36,0.594,1.26,1.61,1.91,1.4,1.3,1.76,0.342,0.449,1.34,−0.646,−1.64,−2.41,−2.59,−0.554,0.806,0.76,0.02,−0.0311,−0.0168
Kazakhstan,,,,,,,,,,,,,,,,,,,,,,,,,,,,,,,,,−1.33,−8.84,−10.1,−4.57,−0.736,−2.53,−4.52,2.35,7.51,−1.06,−0.0504,5.37,8.59,8.63,10.5,6.46,20,7.91,14.4,19.8,14.5,11.8,13.7,3.98,3.38,7.97,11.7,8.02,4.23
Kenya,−2.57,1.59,1.91,3.07,4.18,0.701,1.54,−0.909,0.103,1.44,−0.838,−6.55,−2.14,−1.28,−7.22,−4.69,0.695,3.37,−9.75,−5.86,−6.38,−3.36,−4.9,−2.26,−5.3,−4.85,−4.04,−5.09,−5.23,−7.09,−5.64,−1.51,−0.41,4.95,2.81,−6.56,−6.91,−8.68,−8.56,−6.53,−10.1,−10.1,−5.38,−5.96,−6.26,−7.46,−9.27,−10.1,−12.2,−8.4,−10.1,−15.3,−11.9,−11.9,−13.2,−10.1,−8.37,−10.5,−9.33,−8.89,−8
Kyrgyz Republic,,,,,,,,,,,,,,,,,,,,,,,,,,,,,,,−20.3,−1.3,−12,−7.64,−6.31,−12.9,−25.8,−7.9,−21.5,−14.8,−5.74,−0.298,−3.76,−6.57,−8.7,−18.5,−37.3,−31.2,−39,−24,−30.1,−27.1,−50.9,−49.5,−50.2,−40.6,−34.2,−32.1,−35.7,−28.9,−20.3
Cambodia,−8.07,−5.78,−9.09,−3.53,−0.73,−0.987,−5,−1.19,−2.14,−3.6,−2.01,,,,,,,,,,,,,,,,,,,,,,,−16.6,−12.9,−15.4,−18.4,−11.7,−13.1,−13.1,−11.9,−9.06,−8.85,−10,−7.3,−8.66,−7.43,−7.62,−2.23,−6.7,−5.44,−5.42,−4.82,−5.27,−4.41,−4.43,−4.39,−3.42,−1.71,−1.37,−1.42
Kiribati,,,,,,,,,,,,,4.7,13.3,45.6,39.8,20.7,17.6,8.7,1.69,−1.67,−43.4,−39.6,−32.6,−12.3,−16.5,−10.1,−80.6,−63.4,−72.6,−97.6,−72.8,−102,−82.7,−62.5,−84,−79,−71.8,−63.2,−75.1,−81.4,−82.1,−90.6,−75.4,−78.8,−97,−78.6,−70.9,−70.1,−73.4,−66.3,−72.4,−76.8,−81.9,−89.3,−91.8,−90.3,−88.2,−77.8,,
South Korea,−9.36,−9.92,−11.7,−10.7,−7.42,−7.2,−9.78,−10.6,−12.5,−11.8,−9.68,−10.3,−4.84,−3.73,−11.1,−8.68,−2.82,−1.83,−4.23,−7.23,−8.65,−7.25,−5.49,−2.14,0.44,1.09,3.83,6.63,6.27,1.8,−0.762,−2.27,−0.615,0.426,−0.524,−1.02,−3.05,−0.832,10.6,5.42,1.78,1.35,1.19,1.62,3.49,2.24,0.601,0.91,−0.233,4.24,2.81,1.11,2.73,4.63,5.05,6.85,6.66,4.75,4.44,2.79,3.68
Kosovo,,,,,,,,,,,,,,,,,,,,,,,,,,,,,,,,,,,,,,,,,,,,,,,,,−42.3,−39.3,−38.8,−36.2,−32.3,−29.1,−30,−29.1,−27.4,−25.8,−28.2,−27.1,−32.2
Kuwait,,,,,,44.6,41.3,31.1,35.6,34.6,35.7,47.7,47.9,49.8,71.1,54.5,45.4,28.6,30.7,49.2,44.1,31,2.14,9.78,15.5,10.9,−1.83,15.4,4.62,11,−13.1,−109,−13.7,3.49,8.52,10.4,13.1,13.3,−7.23,6.5,26.3,15.8,8.01,17.6,24.5,35.7,41.4,35.1,40.8,30.1,36.3,47.3,48.5,44.1,37,8.83,−0.895,4.55,11.9,8.4,
Lao,,,,,,,,,,,,,,,,,,,,,,,,,−3.58,−5.73,−4.09,−7.93,−18.3,−19.9,−13.2,−12.3,−10.1,−9.71,−14.8,−14.1,−18.4,−17.4,−11.4,−8.31,−7.51,−10.2,−9.75,−13.6,−16.3,−13.9,−5.65,−12,−15.5,−16.8,−14,−11,−22.4,−21.8,−17.6,−17.9,−8.67,,,,
Lebanon,,,,,,,,,,,,,,,,,,,,,,,,,,,,,,−73.2,−81.9,−67.4,−61.1,−58,−54.5,−51.5,−42.4,−33,−27.2,−22.7,−21.8,−24.3,−18.8,−20.6,−20.9,−19.5,−19.9,−23.7,−29.5,−24,−25.1,−29.4,−30.9,−32.9,−32.3,−25.5,−24.2,−24.5,−26.6,−20.3,−6.25
Libya,,,,,,,,,,,,,,,,,,,,,,,,,,,,,,,8.55,3.07,5.12,−3.3,0.918,6.76,4.76,4.94,−1.51,5.64,17.8,9.91,10.7,24,31.4,36.6,45.3,43.2,43.5,16.4,23.5,10,34.9,5.61,−44.9,−34.3,−17.9,10.2,21.1,6.48,−34.9
Sri Lanka,−2.96,−0.948,−1.41,−1.74,−2.11,0.408,−3.48,−2.84,−2.97,−6.22,−3.15,−2,−1.57,−1.21,−7.47,−7.47,−2.33,3.66,−4.77,−12,−22.6,−16.1,−18.9,−15.1,−5.94,−12,−11.6,−10.5,−10.8,−9.5,−7.88,−10.1,−9.26,−9.55,−11.8,−10.4,−8.93,−7.06,−6.01,−7.78,−10.6,−6.24,−6.51,−6.03,−8.82,−8.93,−11,−10.4,−13.7,−6.49,−7.26,−13.2,−11.9,−8.62,−8.07,−7.53,−7.29,−7.22,−7.43,−6.12,−6.36
Lesotho,−26.7,−32.9,−33.4,−36,−34.2,−37.8,−45.7,−44.6,−43.1,−38,−36.7,−42,−53.1,−53.5,−63.4,−89.5,−121,−101,−73.3,−102,−89.1,−97.7,,,,,,,,,,,,,,,,,,,,,,,,,,−58.6,−55.3,−69.4,−66.8,−55.1,−66.6,−58,−51.1,−45.2,−50.2,−52.9,−46.3,−48.5,−58.2
Lithuania,,,,,,,,,,,,,,,,,,,,,,,,,,,,,,,,,,,,−10.6,−9.3,−10.1,−11.4,−9.99,−6.19,−5.47,−5.68,−5.79,−7.06,−7.22,−10.3,−13.1,−11.6,−1.76,−2,−2.69,0.61,1.45,1.82,−0.997,0.721,2.32,1.82,5.26,9.29
Luxembourg,,,,,,,,,,,18.7,9.86,11.7,18.4,27.3,10.7,11.8,10.1,7.38,10.4,5.73,3.55,4.88,6.69,8.89,12.6,12,7.51,9.15,12.6,11.6,10.5,14.6,16.3,18.5,19.4,20.3,20.4,18.8,20,22.9,21.6,22,20.7,22.2,23.6,29.6,31.7,30.8,32.3,31.7,30.3,30.6,32.2,32.1,32.5,33.8,31.7,32.7,30.9,33.1
Latvia,,,,,,,,,,,,,,,,,,,,,,,,,,,,,,,,,,,,−4.74,−9.01,−9.04,−12.1,−9.81,−7.97,−10.4,−10.1,−12.5,−15.3,−14.3,−20.6,−19.1,−12.7,−1.98,−2.09,−5.93,−5.34,−4.37,−2.94,−1.72,0.32,−0.645,−0.699,−0.705,1.17
"Macao, China",,,,,,,,,,,,,,,,,,,,,,,11,10.7,17.2,13.6,11.8,18.5,16.6,17.7,20.8,14.7,17.1,17.7,16.7,22.6,25.7,24.6,23.5,20.1,30.8,32.4,34.1,34.9,40.6,32.4,28.3,27.1,32.8,43.5,54.9,57.8,57.8,59.9,52.6,38.5,41.1,46.1,49.4,50.7,2.3
Morocco,0.873,−3.02,−3.07,−2.16,0.353,1.27,−0.412,−2.27,−1.57,−0.455,−3.94,−2.77,−0.649,−1.27,−0.636,−10.9,−18.8,−20.4,−13.7,−12.9,−8.67,−12.1,−12.1,−7.1,−9.09,−8.29,−6.52,−4.7,−0.145,−5.24,−5.51,−5.14,−5.92,−5.55,−5.44,−6.37,−3.42,−3.3,−3.99,−3.68,−5.59,−3,−2.7,−3.32,−5.38,−6.08,−5.99,−9.34,−14.2,−11.9,−10.8,−14,−15.3,−14.5,−12.5,−7.6,−10.2,−9.55,−10.4,−8.59,−7.63
Moldova,,,,,,,,,,,,,,,,,,,,,,,,,,,,,,,,,,,,−7.76,−18.6,−21.2,−26.8,−12.9,−27,−24.4,−24.9,−33.4,−30.3,−40.7,−46.6,−51.6,−52.8,−36.6,−32.3,−33.5,−34,−31.5,−30.8,−25.5,−23,−23.4,−25.6,−24.8,−22.6
Madagascar,−6.59,−4.9,−4.63,−7.15,−6.63,−6.79,−5.9,−3.99,−5.04,−5,−2.43,−6.58,−4.06,−4.63,−4.68,−5.03,−2.36,−3.6,−6.91,−15.8,−8.94,−5.75,−4.45,−2.99,−1.77,−2.65,−1.85,−1.85,−3.33,−1.05,−6.64,−3.81,−4.17,−5.25,−3.52,−3.4,−1.83,−4.59,−4.51,−4.23,−4.54,−0.895,−6.55,−6.64,−9.86,−10.5,−7.13,−11.1,−18.9,−21.7,−14.1,−11,−9.09,−9.82,−5.41,−4.44,−2.65,−3.54,−4.77,−5.75,−8.72
Maldives,,,,,,,,,,,,,,,,,,,,,−51.6,−42.7,−35.7,−34.2,−9.77,4.8,7.33,11.5,7.18,5.22,2.83,−5.93,−5.28,−12.6,−1.47,,,,,,,,,,,,,,,,,,,,16.6,7.19,−5.09,−6.95,−13.6,−9,−18.9
Mexico,−3.16,−2.2,−1.54,−1.63,−2.22,−1.89,−1.54,−2.14,−2.32,−1.72,−1.9,−1.08,−0.77,−1.05,−2.16,−2.73,−1.38,0.0969,−0.569,−1.26,−2.15,−2.39,4.72,9.13,7.46,4.8,3.76,5.81,1.4,−0.0653,−1.11,−2.92,−5.04,−3.27,−3.94,1.98,1.59,−0.112,−1.81,−1.35,−1.62,−1.83,−1.59,−1.48,−1.81,−1.47,−1.44,−1.74,−2.37,−1.66,−1.36,−1.4,−1.24,−1.15,−1.18,−2.04,−1.98,−1.81,−2.04,−0.25,2.15
Marshall Islands,,,,,,,,,,,,,,,,,,,,,,,,,,,,,,,,,,,,−62.2,−66.7,−55.4,−62.3,−62.8,−72.1,−67.6,−47.7,−56.5,−52.7,−59.2,−62.2,−62.4,−60.5,−72.8,−73,−50.1,−45.4,−56.3,−48.9,−46.9,−41,−45.7,−47,−73,−34.5
North Macedonia,,,,,,,,,,,,,,,,,,,,,,,,,,,,,,,−9.55,−2.82,0.944,−7.55,−9.71,−9.28,−15.3,−24.9,−30.1,−26.5,−14.3,−13.1,−18.9,−15.8,−19.5,−16.2,−17,−17.9,−25.1,−21.6,−18.3,−18.9,−21.5,−18.1,−17.2,−16.2,−14.9,−13.8,−12.5,−13.8,−12.8
Mali,,,,,,,,−12.5,−7.87,−7.81,−5.73,−6.8,−9.54,−12.7,−28.1,−19.6,−10,−6.82,−18.2,−15.2,−14.4,−15.5,−15.4,−16.2,−17.8,−25.7,−20.5,−14.9,−17.7,−13.2,−15.3,−15,−18.2,−14.5,−17.5,−17.1,−14.8,−9.38,−7.67,−9.52,−10.5,−7.58,−1.65,−7.09,−7.96,−8.15,−4.12,−8.35,−13.2,−7.09,−12.3,−8.46,−3.41,−14.9,−15.5,−15.6,−16.9,−13.6,−11.1,−12.2,−6.39
Malta,,,,,,,,,,,−27.2,−23.4,−20.9,−18,−26.4,−12.6,−11.1,−13.5,−6.98,−5.23,−5.47,−8.03,−15,−13.9,−14.1,−14.7,−9.49,−8.89,−9.51,−10.3,−12.8,−10.5,−6.95,−9.28,−9.78,−5.24,−9.78,−5.96,−6.51,−4.8,−8.13,−4.19,2.9,−2.85,−6.39,−10.4,−7.03,−3.83,−1.83,−0.906,0.0568,1.47,3.56,7.62,12,9.77,11.2,17.2,16,14.8,9.61
Myanmar,,,,,,,,,,,,,,,,,,,,,,,,,,,,,,,,,,,,,,,,,,,,,,,,,,,2.45,2.08,0.321,0.653,−0.776,−4.02,−7.96,−9.14,−5.73,0.0905,2.17
Montenegro,,,,,,,,,,,,,,,,,,,,,,,,,,,,,,,,,,,,,,,,,−14.3,−23.6,−24.5,−16.4,−16.1,−17.5,−36.9,−42.7,−53.3,−30.8,−25.7,−22,−24.4,−20.1,−19.8,−18.5,−22.5,−23.4,−23.9,−21.2,−35
Mongolia,,,,,,,,,,,,,,,,,,,,,,−47.2,−38.2,−35.8,−35.9,−41.5,−51.2,−41.5,−37.6,−31.4,−22.1,−28.5,−7.43,−11.1,−9.9,−1.02,−6.93,5.34,−11.7,−11.9,−13.9,−15.2,−17.1,−15.6,−9.75,−4.84,5.96,1.35,−13.2,−7.26,−9.99,−21.9,−22.4,−22.5,−4.82,−1.29,0.689,2.4,−10,−5.96,2.48
Northern Mariana Islands,,,,,,,,,,,,,,,,,,,,,,,,,,,,,,,,,,,,,,,,,,,30.1,27.8,23.2,17.2,7.78,5.12,3.09,−6.04,−8.76,−18.1,−13.3,−15.9,−14.8,−16.8,−9.43,7.18,−7.37,−20,
Mozambique,,,,,,,,,,,,,,,,,,,,,,,,,,,,,,,,−31.2,−38.3,−36.4,−35.6,−38.8,−25,−20.1,−17.9,−26,−23.7,−11.7,−28.1,−22.6,−17.3,−14.4,−9.72,−8.17,−9.3,−10.6,−13.8,−20,−44.1,−49.7,−48.9,−31.8,−38.5,−22.6,−37.5,−34.3,
Mauritania,,−7.31,−9.95,−0.43,18.9,18.5,19.5,16.9,15,14.6,15.1,14.9,4.24,5.12,−2.66,−11.2,−23.7,−24.8,−18.3,−15,−16.8,−16,−26.7,−16.4,−14.4,−8.31,−10.3,−7.07,−3.68,0.314,−5.76,−0.736,2.42,4.65,6.71,9.56,7.87,4.03,−2.47,−3.88,−7.91,−9.63,−7.24,−17.1,−28.7,−34.7,1.94,−5.02,−10.9,−7.52,−1.94,1.88,−14.3,−11.3,−16.8,−17,−5.3,−9.8,−13.6,−10.8,−11.5
Mauritius,,,,,,,,,,,,,,,,,−6.89,−10.6,−12.3,−11.8,−10.3,−10.5,−2.81,−0.36,−3.35,−1.9,6.66,2.06,−4.96,−7.33,−7.2,−3.74,−3.24,−6.04,−8.74,−2.42,−0.687,−4.88,−0.832,−3.09,−0.124,6.2,3.39,1.9,−1.82,−5.2,−10.2,−9.14,−13.3,−9.08,−11,−12.7,−11.9,−13.1,−10.4,−9.29,−9.48,−12.5,−13.1,−15.2,−18.7
Malaysia,13.8,6.89,2.91,1.73,1.73,4.48,3.95,2.44,3.52,10.2,4.24,1.44,−1.35,5.63,0.236,0.452,10.4,7.51,5.56,8.87,2.5,−6.18,−8.71,−4.96,1.91,5.13,6.1,13.9,10.2,6.06,2.04,−3.66,1.36,−0.0999,−1.6,−3.93,1.39,0.914,22,25.1,19.2,17.4,17.3,19.7,20.4,21.9,21.8,19.9,22.3,20.3,15.9,15.6,10.8,8.54,9.27,7.53,6.65,6.87,6.71,7.52,6.44
Namibia,,,,,,,,,,,,,,,,,,,,,14.1,−11.4,−8.57,−7.61,−6.18,11.5,10.3,−4.91,1.5,3.36,−6.64,−5.87,−5.94,−2.89,−1.28,−4.18,−5.73,−7.55,−9.39,−8.24,−3.66,−6.47,−2.08,−9.09,−2.27,0.137,3.9,−5.27,−12.3,−20.6,−11.5,−11.1,−20.1,−22.7,−25,−26.5,−23.9,−14,−9.95,−10.6,−9.66
New Caledonia,,,,,,,,,,,,,,,,,,,,,,,,,,,,,,,−16.2,−15.7,−18,−17.2,−14.9,−10.8,−12.4,−11.7,−20.3,−19.5,−14.8,−20.8,−20,−20.7,−14.6,−19,−20.2,−17.4,−30.8,−25.3,−27.8,−26.7,−28.2,−27.4,−21.8,−23.9,−19.5,−16.9,,,
Niger,−0.305,−1.58,−3.66,−1.01,−4.83,−4.53,−3.63,−5.95,−6.34,−7.12,−7.33,−3.23,−6.28,−8.22,−16.7,−11.7,−12.1,−9.69,−5.3,−8.33,−13.5,−12,−15.1,−6.09,−4.07,−12.2,−0.691,−4.38,−5.29,−6.7,−5.48,−6.3,−5.14,−4.28,−7.36,−5.7,−5.95,−6.1,−7.08,−6.06,−6.03,−6.1,−7,−6.83,−8.45,−9.52,−8.79,−9.37,−13.4,−19.6,−19.6,−19.7,−12.9,−12.3,−13.8,−16.2,−12.1,−13,−14.5,−14.9,−15.6
Nigeria,−7.68,−7.11,−5.29,−4.76,−6.21,−5.12,−4.21,−6.33,−5.81,−4.04,−2.81,−2.8,−0.827,0.568,10.6,−4.49,−5.71,2.35,−4.21,5.75,10.2,−0.992,−0.392,1.02,3.32,3.8,1.36,6.2,5.4,16.3,11,11.5,9.72,6.41,4.04,8.78,5.79,5.84,−2.99,8.21,23.1,6.82,6.44,4.17,8.61,9.01,16.5,3.14,10.5,1.2,8,9.96,18.6,5.05,5.99,−30µ,−2.29,−0.00447,−2.01,−5.58,−7.74
Nicaragua,−2.52,−1.15,−2.47,−1.42,−1.63,−3.11,−7.01,−8.58,−3.71,−2.79,−2.46,−2.24,5.65,−9.59,−13.5,−8.9,1.15,−5.34,3.16,13.9,−19,−19.4,−10.1,−10.6,−13,−7.06,−8.06,−1.99,−40.3,−32.7,−21.4,−30.7,−36,−27.4,−12.8,−11.8,−14.8,−19.2,−18.3,−25.5,−21.1,−19.9,−20.4,−20.8,−21.1,−22.9,−24.8,−26.9,−27.9,−19,−19.4,−21.8,−20.2,−20.6,−16.7,−18,−16,−13.7,−9.43,−4.48,−4.83
Netherlands,,,,,,,,,,1.16,−0.162,1.44,4.04,4.67,4.73,4.53,4.34,2.21,1.3,1.17,1.01,4.91,5.3,4.36,6.25,5.33,4.44,3.23,3.49,4.02,4.8,5.11,4.75,6.28,6.52,6.62,6.04,6.38,6.13,5.41,6.54,6.56,6.84,6.65,7.74,8.46,8.59,7.09,8.53,7.58,8.09,8.53,9.74,10.2,11.1,7.5,10.2,10.8,10.5,9.8,10.4
Curaçao,,,,,,,,,,,,,,,,,,,,,,,,,,,,,,,,,,,,,,,,,,,,,,−15.9,−17.8,−24.3,−27.8,−23.3,−32.9,−25.3,−24.3,−19.8,−13.1,−15,−16.7,,,,
Norway,,,,,,,,,,,−0.623,−2.54,0.756,−0.384,−2.68,−5.78,−8.36,−9.1,0.362,2.33,6.02,7.2,5.06,7.79,8.74,7.22,−3.38,−2.21,−0.584,3.48,6.25,7.73,6.61,6.27,5.95,6.04,8.76,8.05,1.79,7.2,16.8,16.6,13.1,12.7,13.2,16,16.9,13.4,16.9,11.4,11.3,12.9,13.1,10.8,9.33,5.74,1.98,3.5,5.73,1.48,−0.84
Nepal,,,,,,−6.16,−3.11,−0.0779,−0.655,−3.21,−3.4,−3.73,−2.26,−3.76,−5.1,−4.47,−3.4,−2.53,−4.9,−4.18,−7.19,−6.72,−7.22,−11.1,−8.8,−8.47,−8.64,−9.09,−10.9,−11.2,−11.1,−11.7,−9.78,−10.3,−12.4,−9.54,−12.8,−11.4,−11.1,−6.87,−9.14,−10.7,−10.8,−12.8,−12.8,−14.9,−17.9,−18.9,−20.5,−22.2,−26.8,−20.6,−20.4,−23.3,−25.7,−26.2,−25.8,−29,−32.8,−33.7,−27.1
Nauru,,,,,,,,,,,,,,,,,,,,,,,,,,,,,,,,,,,,,,,,,,,,,,,,,16.7,21.7,3.7,−5.97,17,14.6,−13.2,−73.1,−43.1,−46.2,−53.1,−59,
New Zealand,,,,,,,,,,,,0.802,3.05,0.152,−12.3,−6.93,−2.58,−1.6,0.745,−1.55,−1.08,−3.02,−2.97,−1.18,−2.58,−2.13,0.504,2.24,3.98,0.722,0.916,3.69,3.15,3.65,2.74,1.87,1.58,1.39,1.34,0.5,2.97,3.63,3.04,1.76,0.287,−1.45,−0.386,0.121,−0.251,2.32,2.3,1.55,0.696,1.61,0.801,0.896,0.63,0.759,−0.308,−0.118,−0.688
Oman,,,,,,,,11.3,55.4,62.7,54,33.7,15.6,12.6,26,16.9,16.4,14.3,9.59,20.3,25,26.6,15.4,15.6,12.7,12.6,−1.68,19.8,8.65,,19.6,8.32,9.17,5,8.21,8.48,14,11.4,−7.82,10.5,27.8,22.4,21.2,17,12.5,27.2,24.5,16.5,21.3,16,21.8,26.2,23.4,19.5,20.6,2.93,−0.224,2.48,12,12.5,7.44
Pakistan,−6.04,−7.8,−7.69,−7.64,−7.68,−9.93,−5.38,−6.65,−4.07,−3.64,−2.73,−2.76,−1.47,0.538,−3.68,−9.01,−7.65,−8.51,−9.06,−10.8,−10.7,−9.5,−10.9,−10.3,−10.6,−12,−7.81,−5.28,−5.57,−6.28,−5.46,−1.55,−3.15,−6.1,−2.74,−2.71,−4.52,−4.69,−1.04,−1.61,−1.12,−0.957,−0.0818,0.538,0.94,−3.53,−7.41,−6.56,−10.8,−7.28,−5.84,−5.01,−8.01,−6.78,−6.42,−6.45,−7.01,−9.34,−11.1,−10.2,−7.42
Panama,−8.59,−6.48,−3.99,−7.43,−4.47,−3.8,−4.54,−2.02,0.607,−2.47,−5.8,−6.4,−8.12,−6.63,−15,−11.8,−11.4,−6.4,−7.77,−14,−7.44,−9.14,−3.17,1.14,−2.86,−3.18,−3.11,−3.86,1.95,−5.08,−6.81,−11.5,−12.2,−11.6,−11.5,−13.2,−13.4,−11.4,−16,−13,−9.97,−5.83,−6.57,−6.01,−8.12,−6.69,−5.55,−6.65,−10.5,0.648,−8.19,−6.03,−7.68,−7.31,−8.38,−4.57,−3.46,−3.82,−4.41,−2.57,5.14
Peru,−0.0599,−1.39,−1.99,−3.13,−0.287,−3.32,−3.6,−4.75,−0.766,0.643,1.84,−0.935,−0.647,−2.02,−7.23,−10.8,−7.96,−6.64,0.655,8.42,3.4,−4.16,−3.43,0.234,4.44,7.41,−1.63,−2.02,−3.02,0.123,1.92,−2.25,−2.95,−3.87,−3.38,−5.73,−5.02,−4.52,−5.55,−2.41,−2,−1.86,−0.7,0.405,3.89,6.34,9.29,7.36,1.02,4.77,3.98,5.02,2.28,−0.171,−1.64,−2.59,−0.188,1.93,1.75,1,1.23
Philippines,,,,,,,,,,,,,,,,,,,,,,−2.96,−4.44,−4.89,−0.939,1.2,2.39,−0.274,0.675,−1.8,−4.14,−2.29,−3.43,−5.86,−4.38,−5.44,−6.08,−7.06,−4.46,−0.339,1.54,−2.59,−3.83,−2.96,−3.47,−1.39,1.64,2.38,−0.967,−0.448,−0.355,−2.58,−2.91,−3.47,−2.76,−4.73,−8.43,−9.06,−11.7,−12.1,−7.8
Papua New Guinea,,−12,−11.7,−13.6,−16,−19.9,−23.3,−22.3,−21.2,−27,−35.5,−36.9,−17,10.1,7.04,−6.19,0.993,−1.29,−3.48,−0.11,−10.1,−20.5,−23.7,−17.3,−13.7,−10.3,−7.78,−6.51,−8.67,−12.1,−8.32,−9.89,2.15,15.7,13.8,17.3,11,−0.893,5.22,10.2,16.9,13.1,2.91,15.4,13.2,,,,,,,,,,,,,,,,
Poland,,,,,,,,,,,,,,,,,,,,,,,,,,,,,,,,,,,,2.16,−1.41,−3.88,−4.84,−5.93,−6.49,−3.78,−3.56,−2.75,−2.97,−1.31,−2.33,−3.8,−5.28,−0.983,−2.17,−2.16,−0.762,1.44,0.969,2.76,3.77,3.77,3.06,4.76,6.79
Puerto Rico,,,,,,,,,,,,−19.2,−17.9,−14.7,−12,−22.1,−23.3,−16.4,−16,−10.6,−11.3,−7.18,2.33,0.0833,−2,2.13,6.69,5.6,7.93,8.21,11.7,16.8,16.4,9.22,12.8,11.7,8.57,5.31,15.7,16.6,18.5,25.6,25.4,28.6,20.1,21,20,16.5,20.3,20.9,21.2,19.5,11.6,16.8,19.3,25.5,27.2,24.3,14,,
Portugal,,,,,,,,,,,−4.99,−5.37,−3.56,−5.36,−11.8,−9.57,−10.4,−11.7,−9.61,−8.34,−11.3,−14.9,−14.4,−9.82,−6.05,−3.03,−2.03,−4.9,−7.93,−5.94,−6.72,−7.27,−7.39,−6.97,−6.91,−6.38,−7.11,−8,−9.17,−10.4,−11,−10.2,−8.16,−6.4,−7.87,−8.78,−7.83,−7.56,−9.55,−6.91,−7.64,−4.19,−0.495,1.1,0.15,0.739,1.15,1.01,0.463,0.452,−2.11
Paraguay,,,−2.05,−1.41,−2.08,−0.794,−2.9,−3.41,−4.42,−4.62,−1.2,−2.57,−0.0722,0.694,−1.65,−4.65,−3.38,−2.99,−3.69,−5.5,−6.2,−6.81,−7.62,−6.63,−4.38,−0.0451,1.44,0.263,11.7,20.8,13.1,12.5,10.2,6.24,−1.44,5.49,2.45,1.01,7.67,8.03,8.02,8.68,15.5,13.2,11.3,10.2,7.85,7.75,4.1,5.35,3.02,1.99,1.23,4.06,1.85,2.59,6.54,5.4,1.36,1.04,4.13
Palestine,,,,,,,,,,,,,,,,,,,,,,,,,,,,,,,,,,,−57.4,−57.2,−57.2,−55.7,−52.9,−61.2,−46.6,−52,−49.4,−50.4,−55.2,−55.6,−55.1,−55.3,−47.6,−47.1,−40.3,−35.1,−36.3,−35,−36.1,−38.7,−36.8,−37,−39.5,−38,−35
French Polynesia,,,,,,,,,,,,,,,,,,,,,,,,,,,,,,,,−26.7,−23.7,−22.2,−21,−22.3,−21.5,−21.9,−24.6,−19.2,−19.3,,,,,,,,,,,,,,,,,,,−14.7,
Qatar,,,,,,,,,,,,,,,,,,,,,,,,,,,,,,,,,,,11.1,1.01,3.94,12.1,11.1,34.3,45,36.8,32.2,33.2,38,35.4,27.1,24.4,33.3,22.1,38.6,46.5,47.2,43.1,37,20.4,5.88,14.3,20,14.3,8.22
Romania,,,,,,,,,,,,,,,,,,,,,,,,,,,,,,,−9.45,−3.93,−8.41,−4.97,−2.06,−5.03,−7.87,−6.81,−7.81,−4.65,−5.34,−7.72,−5.68,−7.75,−9.14,−10.3,−12.1,−14.1,−12.9,−6.43,−6.63,−5.89,−5.29,−0.902,−0.421,−0.823,−1.04,−2.47,−3.41,−4.12,−4.46
Russia,,,,,,,,,,,,,,,,,,,,,,,,,,,,,,0.89,0.217,0.286,14.1,7.71,4.56,3.4,4.22,2.2,6.67,17,20,12.7,10.8,11.4,12.3,13.7,12.7,8.62,9.24,7.44,8.08,8.08,6.66,5.4,6.42,8.05,5.19,5.31,10,7.63,4.96
Rwanda,2.35,1.64,−3.52,−6.72,−0.615,−4.84,−8.72,−4.9,−6.4,−6.68,−3.73,−6.66,−7.97,−1.84,−9.17,−8.53,−4.82,−3.39,−9.02,−1.71,−11.9,−11.9,−12.6,−9.18,−7.03,−9.1,−7.57,−11.7,−11,−11.1,−8.45,−10.7,−12.7,−15.3,−58.5,−20.7,−20.2,−17.9,−17.6,−16.5,−16.7,−14.7,−15.3,−13.8,−12.7,−12.8,−11.5,−8.64,−15.1,−16.1,−15.8,−14.4,−16.6,−15.7,−16.2,−18.7,−18.7,−12.6,−13.6,−14.3,−16.3
Saudi Arabia,,,,,,,,,23,23.2,29.2,36.1,43.3,78.8,49.7,51.6,35.5,24.9,7.72,20.6,36.2,32.7,11.6,−9.21,−10.7,−6.57,−9.08,−6.27,−3.88,−4.33,8.96,1.92,3.12,0.899,7.93,9.63,13.4,13.1,3.18,11.5,18.6,15.7,17.3,21.9,26.9,32.1,29.7,25,28.1,9.32,16.6,26.6,25,21.1,13.1,−4.48,0.426,5.52,13.4,8.44,2.08
Sudan,1.56,−1.03,−0.432,−1.34,−2.4,−0.814,0.368,−0.429,−1.73,0.295,−0.0684,−1.54,−0.648,−2.17,−8.02,−10.6,−7.92,−7.25,−7.29,−9.4,−12.6,−14,−14.5,−10.6,−8.01,−6.13,−3.48,−5.61,−3.9,−4,−3.04,−8.4,−9.18,−3.01,−5.23,−4.83,−7.71,−7.17,−8.47,−9.16,2.56,0.176,−2.29,−1.41,−1.68,−6.8,−5.81,−0.381,2.92,−0.812,−2.95,1.89,−3.98,−2.77,−0.0378,−0.0403,−0.03,−0.134,−0.0727,0.0423,0.0869
Senegal,−1.07,−1.98,−2.02,−3.77,−4.06,−2.91,−3.23,−4.45,−8.54,−9.53,−7.16,−9.03,−7.6,−11.6,−10.8,−9.28,−11.2,−12.7,−14.4,−12.1,−17.1,−23.2,−17.9,−21.1,−19.6,−15.2,−11.7,−10.7,−10.6,−10.2,−10.7,−11.2,−11.5,−11.7,−12.3,−11.4,−10.1,−10.6,−10.9,−11.5,−13.2,−14.3,−13.9,−14.4,−15.5,−15.3,−15.6,−18.2,−21.1,−13.5,−12.5,−15,−17,−15.9,−14.9,−12.8,−11,−13.8,−15.9,−14.2,−14.9
Singapore,−13.7,−14.6,−10.4,−14.6,−10.9,−11.1,−7.22,−7.35,−5.48,−9.45,−19,−20.4,−15.6,−9.06,−15,−9.33,−6.94,−1.47,−3.73,−5.66,−6.92,−3.41,−1.83,0.584,−0.195,0.3,2.64,2.97,9.56,11,10.1,13.2,12.1,9.88,16.2,16.8,16.4,14.7,21.5,17,12.3,16.5,18.4,28,26.4,29.9,30.7,31.3,20.7,23.5,26.3,27.6,24.2,23.1,23.4,27.3,26.2,26.4,28.8,28.3,31.9
Solomon Islands,,,,,,,,,,,,,,,,,,,,,−47.4,−47.3,−47.6,−47.6,−39.4,−47.3,−40.5,−43.4,−67.9,−69.4,−49.7,−62.6,−42.6,−43.6,−37.6,−24.1,−8.51,−10.3,−2.09,3.77,−4.35,−10,−2.1,3.55,4.84,−7.24,−18.1,−21.7,−18.1,−15.2,−27.4,−6.93,−1.55,−10.8,−8.72,−7.12,−5.19,−5.61,−4.32,−10.2,−8.16
Sierra Leone,,,,,−0.439,−2.42,−3.84,−4.24,−3.16,2.44,1.74,−1.12,−1.26,1.24,−2.04,−9.36,−7.39,−7.01,−4.19,−7.18,−15.4,−16.7,−10.2,−11,−1.78,−1.79,−3.09,8.78,14.3,6.25,0.689,2.25,−1.31,−4.29,3.86,−7.85,−14.7,−1.88,−7.21,−6.09,−21.3,−19.7,−21.3,−18.1,−12.6,−11.7,−8.18,−9.09,−12.2,−14.4,−17.7,−48.2,−27.5,−30.2,−21.7,−28.1,−29.6,−22.1,−21.8,−19.7,−21.4
El Salvador,,,,,,−2.42,−5.12,−3.02,−1.75,−2.61,0.286,−1.98,0.969,−3.02,−8.41,−5.17,−1.27,0.692,−9.26,−0.17,0.917,−6.91,−5.69,−5.42,−6.78,−7.56,−4.38,−7.11,−6.47,−10.5,−12.6,−13.3,−16.4,−14.8,−15.3,−16.3,−13,−11.5,−12.1,−12.2,−15.1,−15.9,−14.9,−16.4,−18,−19.2,−21.6,−26.5,−27.2,−18.2,−19.6,−21.3,−20.5,−21,−19,−17.6,−15.9,−16.2,−17.8,−16.6,−18.4
San Marino,,,,,,,,,,,,,,,,,,,,,,,,,,,,,,,,,,,,,,,,,,,,,,,,,,,,,,,,27.5,26,23.7,23.7,20.7,
Somalia,−4.43,−7.09,−14.7,−10.1,−14.5,−3.49,−7.62,−8.6,−6.63,−7.66,−5.23,−6.65,−4.81,−13,−22.5,−14.4,−13.8,−39,−30.3,−51.2,−55.3,−43.6,−42.1,−49.1,−46.5,−13,−22.4,−24.5,−17.4,−37.2,−28,,,,,,,,,,,,,,,,,,,,,,,−57.2,−56.8,−55.3,−56.5,−64.7,−68.4,−66.3,−66.6
Serbia,,,,,,,,,,,,,,,,,,,,,,,,,,,,,,,,,,,,−3.06,−6.71,−7.51,−4.83,−4.57,−4.93,−15.2,−16.7,−14.9,−24,−17.1,−18,−21,−21.8,−13.3,−12.2,−12.8,−13.8,−8.22,−8.08,−7.04,−4.83,−6.58,−8.63,−9.93,−8.28
South Sudan,,,,,,,,,,,,,,,,,,,,,,,,,,,,,,,,,,,,,,,,,,,,,,,,,34.8,25.8,31.9,38.9,14,−31.3,12.1,7.75,,,,,
Suriname,,,,,,,,,,,,,,,,,,,,,,,,,,,,,,,,,,,,,,,,,,,,,,,7.33,6.87,4.65,0.329,14.1,,,,,,,,,,
Slovak Republic,,,,,,,,,,,,,,,,,,,,,,,,,,,,,,,−9.54,−4.68,−6.58,−7.29,2.28,−0.699,−13.2,−10.4,−11,−4.79,−2.38,−7.44,−6.43,−0.479,−1.56,−3.12,−2.15,0.432,−1.77,−0.168,−0.308,0.703,5.53,5.61,4.83,3.07,2.95,2.19,1.88,0.399,0.926
Slovenia,,,,,,,,,,,,,,,,,,,,,,,,,,,,,,,,,,,,−2.24,−1.25,−1.14,−1.69,−4.33,−3.68,−1.04,0.991,−0.317,−1.45,−0.64,−0.048,−1.33,−2.11,1.41,1.06,1.22,3.4,4.68,6.75,8,8.54,8.98,8.45,8.65,9.23
Sweden,−0.639,0.359,0.236,0.154,0.15,−0.869,−0.702,−0.118,−0.249,−0.419,−0.391,1.17,1.5,2.65,−0.521,−0.0308,−1.38,−1.36,1.08,−0.753,−1.56,−0.0781,−0.437,1.82,3.19,1.32,2.71,1.49,1.27,0.127,0.0211,1.1,1.14,2.69,3.35,5.65,5.52,6.26,5.7,5.32,5.04,5.25,5.28,5.41,6.79,6.28,6.78,6.06,5.61,5.4,5.11,4.75,4.77,4.24,3.6,3.81,3.06,2.53,2.23,4.18,4.58
Eswatini,14,7.16,2.13,5.69,7.76,13.3,−0.546,−10.7,3.51,10.8,9.49,12.9,8.42,14.2,22.3,16,8.1,−3.25,−23.7,−36.3,−39.4,−30.6,−35.3,−38.3,−37.2,−36.2,−11,−0.261,−3.4,−2.78,−9.86,−11.4,−18.7,−19.1,−9.19,−13.7,−21.3,−14.8,−17.6,−16.3,−13.9,−8.03,−13.7,−4.55,−7.09,−11,4.75,7.3,−7.09,−8.18,−13.7,−11.1,−6.28,−5.73,−0.632,2.12,1.47,−0.772,−3.88,2.68,2.72
Sint Maarten (Dutch part),,,,,,,,,,,,,,,,,,,,,,,,,,,,,,,,,,,,,,,,,,,,,,,,,,,,6.32,9.13,5.25,−4.16,6.84,2.93,−8.06,−36.8,,
Seychelles,,,,,,,,,,,,,,,,,−61.9,−53.7,−49.9,−49.2,−52.7,−49.1,−55.8,−46,−40.9,−41.9,−41.9,−36.5,−44.8,−42.8,−35.2,−32.9,−33.1,−39.5,−32,−35.4,−47.5,−40.4,−42.9,−46.3,−6.43,−19.8,−7.52,2.37,−7.55,−21.7,−16.2,−1.19,−10.7,−9.03,−14.3,−15.6,−17.8,−1.19,−11.2,−5.03,−12.2,−12,−14.5,−11.6,−25.9
Syria,−6.44,−4.78,−0.63,−1.74,−2.5,70µ,−5.33,−3.4,−3.15,−4.58,−3.56,−4.99,−5.56,−3.71,−9.66,−12.6,−14.8,−22.5,−16.4,−16.9,−17.2,−17.3,−11,−13.4,−11.6,−13.5,−11,−13.3,−9.22,−0.0316,0.388,−7.67,−11.4,−13,−12.3,−6.9,−6.26,−1.38,−0.366,0.325,6.95,6.4,7.86,2.87,2.78,1.95,3.82,0.809,0.896,−1.83,0.323,−12,−19.9,−29.1,−40.2,−29.8,−36.2,−32.9,−20.8,−15.6,
Chad,−3.65,−4.65,−5.6,−6.26,−7.6,−4.31,−4.05,−3.8,−3.74,−4.49,−5.79,−5.15,−4.82,−7.77,−8.41,−11.4,−10.3,−13,−11.5,−16.9,−11.9,−7.56,−6.93,−7.12,−6.04,−19.4,−22,−21,−15.1,−17.6,−14.4,−12.4,−13.7,−16,−18.8,−11.8,−11.5,−12.2,−11.1,−13.9,−17.8,−35,−101,−34.1,0.249,10.1,−0.744,4.28,5.1,−6.83,−6.7,−2.93,−3.64,−5.52,−8.3,−6.56,−10.7,−5.83,−1.82,−1.09,−15.1
Togo,−0.418,9.02,4.62,−4.4,−0.507,0.87,7.66,10.3,12.9,13.6,10.8,6.94,0.8,0.124,37.1,−10.3,0.778,−11,−12.9,−26.2,−5.29,−6.73,−8.52,−1.27,−2.1,−8.7,−11.7,−9.38,−8.94,−9.17,−11.9,−8.09,−9.22,−7.71,−3.71,−4.97,−10.9,−15.8,−13.6,−10.1,−12.2,−14.7,−12.3,−12.6,−15.1,−15.7,−16.3,−17.5,−16,−14.7,−15.5,−20.8,−14,−19.8,−18,−22,−13.1,−7.6,−8.8,−8.25,−9.29
Thailand,−1.27,0.225,−1.96,−3.24,−1.42,−1.21,−0.331,−2.05,−3.74,−4,−4.36,−2.82,−0.995,−1.44,−2.37,−4.61,−2.47,−5.42,−4.23,−6.73,−6.26,−6.27,−1.71,−7.16,−4.27,−2.73,2.03,0.56,−1.39,−2.56,−7.52,−6.54,−4.01,−4.11,−4.76,−6.69,−6.24,1.42,15.6,12.2,8.38,6.23,6.32,6.35,4.53,−1.05,3.26,7.87,2.4,9.61,5.72,2.03,0.228,1.88,5.88,10.4,13.6,12.5,8.84,9.34,4.93
Tajikistan,,,,,,,,,,,,,,,,,,,,,,,,,,,,,,,,,,−13.1,−10.2,−6.35,−3.46,−6.75,−9.17,−1.41,−1.85,−10.4,−13.1,−9.81,−10.8,−18.5,−24.8,−53.8,−46.5,−37,−43.6,−46.9,−48.6,−49.6,−36.3,,,−23.9,−27.1,−26.1,−21.2
Turkmenistan,,,,,,,,,,,,,,,,,,,,,,,,,,,,,,,,11.9,28.9,23.3,−0.347,−0.234,−3.35,−25.7,−36.9,−19.1,6.89,0.998,7.12,2.01,0.0677,7.4,17.8,17.3,20,−10.8,−5.05,8.53,8.33,1.09,2.47,−9.95,−17.7,−8.64,10.2,,
Timor-Leste,,,,,,,,,,,,,,,,,,,,,,,,,,,,,,,,,,,,,,,,,−154,−149,−165,−109,−92.4,−60.4,−80.4,−109,−117,−139,−117,−128,−114,−68.5,−73.6,−53.8,−53.7,−51.6,−56.7,−26.9,−25.5
Tonga,,,,,,,,,,,,,,,,−29.5,−29.7,−23.3,−39.1,−43.7,−37.7,−41.9,−37,−50.5,−36.3,−42.1,−44.2,−33.7,−44,−37.7,−31.2,−37.7,−25.3,−27.7,−28.6,−37.2,−37.6,−30.1,−39.1,−19.7,−24.3,−32.1,−37,−37.3,−37,−39,−37.4,−46,−36.7,−50.9,−48.2,−46.3,−43.9,−42.2,−41,−47.5,−41.6,−43.7,−44.7,−43.2,−43.3
Tunisia,,,,,,4.65,7.56,6.68,10.1,9.47,−2.75,−0.329,0.609,−0.356,3.16,−1.87,−4.93,−8.43,−7.77,−2.99,−5.36,−8.47,−10.5,−8.36,−11.4,−6.03,−7.12,−0.989,0.36,−3.32,−7.05,−4.95,−6.93,−7.52,−2.94,−3.91,−1.5,−2.27,−2.94,−1.95,−3.18,−3.92,−3.77,−3.42,−2.53,−0.387,−1.88,−1.9,−3.04,−2.94,−4.23,−8,−9.73,−9.18,−10.2,−10.4,−10.5,−12.4,−12.9,,
Turkey,−1.62,−1.67,−2.37,−2.79,−0.994,−0.836,−1.58,−0.852,−1.4,−1.14,−1.93,−2.93,−2.53,−2.06,−5.55,−6.81,−5.81,−6.89,−3.14,−2.66,−6.77,−4.67,−3.15,−4.08,−4.07,−3.11,−2.79,−2.18,1.1,−1.58,−4.21,−2.79,−2.95,−5.67,0.978,−4.46,−6.28,−5.81,0.937,−0.0431,−2.59,4.49,2.23,−0.213,−1.58,−2.39,−3.97,−4.07,−3.42,−0.0467,−4.31,−7.32,−4.11,−4.94,−3.36,−2.03,−2.16,−3.68,−0.249,2.58,−3.81
Tanzania,,,,,,,,,,,,,,,,,,,,,,,,,,,,,,,−24.8,−23.4,−26.9,−29.7,−23,−17.4,−12,−9.47,−5.89,−4.69,−2.36,−0.356,1.06,−0.263,−1.52,−2.99,−5.94,−8.4,−10.1,−7.14,−8.43,−12.9,−9.63,−10.6,−9.22,−6.55,−2.72,−1.96,−3.16,−0.943,−1.01
Uganda,5.51,2.77,2.66,4.41,6.8,1.22,0.242,0.912,1.32,1.19,3.23,−4.14,2.61,3.4,−0.326,−2.27,1.78,1.35,−5.21,1.87,−6.59,−5.98,−9.14,−4.98,−1.63,−1.27,−2.43,−9.8,−10.2,−10.1,−12.1,−14.5,−15.5,−14.1,−10.4,−9.04,−11.5,−7.44,−10.8,−11.5,−11.4,−12.3,−13.9,−13.8,−10.1,−10.6,−13.1,−13.3,−7.7,−9.84,−10.6,−14,−12.5,−10.1,−6.12,−11.9,−6.36,−3.51,−6.46,−5.14,−6.17
Ukraine,,,,,,,,,,,,,,,,,,,,,,,,,,,,,,−0.0652,−1.08,2.17,1.99,−0.313,−3.17,−3.08,−2.55,−3.06,−2.27,5.46,4.86,1.37,4.24,2.5,7.41,0.812,−2.74,−5.47,−7.65,−1.62,−2.82,−5.99,−7.86,−8.21,−3.51,−2.61,−6.92,−7.79,−8.73,−8.05,−1.05
Uruguay,−4.83,−0.568,−3.09,0,0.597,6.92,5.64,1.43,2.98,1.27,−1.32,−1.15,0.542,0.912,−2.51,−3.5,−0.519,−2.76,−2.31,−4.33,−5.6,−3.83,−2.96,2.09,5.21,5.66,5.95,2.44,4.32,5.79,5.44,2.83,0.822,−0.433,−0.615,−0.104,−0.188,−2.79,−2.8,−3.19,−3.32,−2.7,1.21,3.11,2.75,1.93,−1.38,−1.03,−4.8,0.804,0.987,−0.403,−3.22,−3.01,−2,−0.373,5.34,5.49,4.97,5.89,4.38
United States,,,,,,,,,,,0.368,0.0533,−0.264,0.288,−0.0527,0.948,−0.0871,−1.11,−1.08,−0.858,−0.457,−0.39,−0.597,−1.42,−2.54,−2.63,−2.88,−2.98,−2.09,−1.54,−1.31,−0.465,−0.533,−0.95,−1.27,−1.17,−1.19,−1.19,−1.8,−2.7,−3.72,−3.56,−4.02,−4.56,−5.19,−5.68,−5.69,−5.09,−5.04,−2.9,−3.55,−3.73,−3.41,−2.86,−2.91,−2.89,−2.7,−2.76,−2.89,−2.78,−3.11
Uzbekistan,,,,,,,,,,,,,,,,,,,,,,,,,,,,,,,,,,,,,,−2.98,−0.29,−0.261,5.27,2.57,2.89,6.02,6.98,6.09,5.56,4.93,2.59,0.652,−0.705,−2.3,−5.69,−5.11,−4.27,−3.22,−4.53,−6.29,−17.6,−16,−13.4
Venezuela,12.3,14.8,15.8,16.9,12.2,9.95,10.5,9.76,5.79,4.6,4.46,6.27,3.3,9.51,24.4,7.87,0.86,−7.95,−13.2,1.49,7.88,5.6,−2.96,9.66,7.51,5.66,−0.416,−1.83,−6.46,12.6,18.6,4.96,−2.47,−0.216,8.29,5.12,14.7,7.27,−1.76,3.75,11.6,3.33,12.3,17.1,17,19.2,14.4,6.06,9.81,−2.38,10.9,10.2,1.94,−4.75,−14.7,,,,,,
Virgin Islands (U.S.),,,,,,,,,,,,,,,,,,,,,,,,,,,,,,,,,,,,,,,,,,,11.7,15.8,18,22.2,15.7,30.8,4.48,1.81,12.3,1.37,3.15,−7.14,−7.55,−1.5,−19.2,−31,−52.9,−46.9,
Vietnam,,,,,,,,,,,,,,,,,,,,,,,,,,,−9.97,−8.8,−11.1,−10.2,−9.24,−5.12,−4.09,−8.77,−9.45,−9.1,−11,−8.14,−7.3,−2.85,−3.57,−1.83,−7.22,−11,−13.6,−3.32,−2.88,−13.6,−13.6,−9.49,−8.21,−4.13,3.5,2.16,3.28,0.791,2.56,2.8,3.36,2.09,2.85
Vanuatu,,,,,,,,,,,,,,,,,,,,,−8.07,−2.05,−2.17,−11.9,−4.28,−19.1,−28.2,−26.7,−23.1,−23.9,−24.3,−14.2,−9.07,−8.66,−7.84,−8.19,−6.72,1.63,−10.2,−16.5,−8.8,−11.9,−7.08,−5.01,−7.51,−9.41,−7,−7,−12.8,−7.38,−6.39,−5.79,−1.83,−3.05,−2.54,−21,−11.8,−10.2,−3.41,−8.8,−26.1
Samoa,,,,,,,,,,,,,,,,,,,,,,,,,,,,,,,,,,,,,,,,,,,−19.1,−13.9,−14,−19.6,−23,−24.9,−18.8,−21.5,−23.7,−25,−29,−22.5,−26.7,−21.3,−18.6,−15.6,−16,−14,−19.5
Yemen,,,,,,,,,,,,,,,,,,,,,,,,,,,,,,,,,,,,,,,,,,,,,,,,,,,−4.4,−2.38,−11.6,−7.79,−6.87,−12.8,−18.6,−25.4,−37.2,,
South Africa,4.99,8.02,8.75,5.42,1.92,−1.07,2.14,0.345,3.02,0.534,−3.44,−4.08,2.46,2.52,−0.548,−2.39,−1.18,4.86,6.51,9.16,7.8,−1.95,−0.402,3.61,1.76,8.57,8.52,9.6,6.29,5.14,5.31,4.15,3.92,4.13,1.98,0.598,1.35,1.02,1,2.28,2.59,3.54,3.4,2.11,−0.129,−0.228,−1.57,−1.21,−1.47,0.378,1.16,0.76,−1.3,−2.12,−1.5,−1.3,0.451,1.14,0.47,0.534,4.43
Zambia,,,,,,,,,,,,,,,,,,,,,,,,,,,,,,,,,,,−0.75,−3.42,−6.86,−3.53,−7.01,−9.69,−12.5,−14.4,−10.6,−10.9,−3.73,−0.979,7.33,1.41,−1.62,2.38,6.15,4.73,1.07,0.509,1.45,−5.59,−3.31,−1.6,1.03,0.481,14.3
Zimbabwe,,,,,,,,,,,,,,,,−1.67,2.36,1.18,2.04,−0.861,−3.16,−6.48,−5.29,−3.03,−0.244,0.198,2.53,2.74,3.38,1.62,0.0744,−3.28,−9.26,−1.73,−1.92,−2.68,0.191,−7.01,−1.73,3.89,2.25,2.02,−3.14,−5.66,−7.1,−8.95,−10.9,−8.6,−26.6,−22.8,−23.8,−19.9,−23.8,−14.7,−12.8,−18.4,−11.3,−10.7,−13.3,−0.78,−1.6
